Organisation,Deployment,Consentimento API,Dados Cadastrais (PF) API,Dados Cadastrais (PJ) API,Resources API,Contas API,Cartão de Crédito API,Operações de Crédito - Empréstimos API,Operações de Crédito - Financiamentos API,Operações de Crédito - Adiantamento a Depositantes API,Operações de Crédito - Direitos Creditórios Descontados API
Ágora Corretora de Títulos e Valores Mobiliários S.A,Ágora - Open Finance Brazil v1.0,[30 Nov 2021](https://openbanking-brasil.github.io/conformance/submissions/functional/consents/1.0.3/Agora_CTVM-Agora-API-CONSENTS-30-Nov-2021.zip) [[View]](https://web.conformance.directory.openbankingbrasil.org.br/plan-detail.html?public=true&plan=fZsrpTZIqxeek)   PASS,[26 Nov 2021](https://openbanking-brasil.github.io/conformance/submissions/functional/personal/1.0.3/Agora_CTVM-AgoraPF-API-CUSTOMER-30-Nov-2021.zip) [[View]](  https://web.conformance.directory.openbankingbrasil.org.br/plan-detail.html?public=true&plan=vKVT7B36D6aFu)   PASS,[26 Nov 2021](https://openbanking-brasil.github.io/conformance/submissions/functional/business/1.0.3/Agora_CTVM-AgoraPJ-API-CUSTOMER-30-Nov-2021.zip) [[View]](https://web.conformance.directory.openbankingbrasil.org.br/plan-detail.html?public=true&plan=91BkONis8M0b3) PASS,[30 Nov 2021](https://openbanking-brasil.github.io/conformance/submissions/functional/resources/1.0.2/Agora_CTVM-Agora-API-RESOURCES-30_Nov-2021.zip) [[View]](https://web.conformance.directory.openbankingbrasil.org.br/plan-detail.html?public=true&plan=XbLkEhyBIMciK)   PASS,,,,,,
Banco BMG S.A,Banco BMG Open Banking 1.0.0,[19 Nov 2021](https://openbanking-brasil.github.io/conformance/submissions/functional/consents/1.0.3/Banco_BMG_S.A-Banco_BMG_Open_Banking-API-Consents19-Nov-2021.zip) [[View]](https://web.conformance.directory.openbankingbrasil.org.br/plan-detail.html?public=true&plan=pHtxTyf1apXuS) PASS,[19 Nov 2021](https://openbanking-brasil.github.io/conformance/submissions/functional/personal/1.0.3/Banco_BMG_S.A-Banco_BMG_Open_Banking-API-Customers_Personal-19-Nov-2021.zip) [[View]](https://web.conformance.directory.openbankingbrasil.org.br/plan-detail.html?public=true&plan=A3KXfla0yZhYs) PASS,[19 Nov 2021](https://openbanking-brasil.github.io/conformance/submissions/functional/business/1.0.3/Banco_BMG_S.A-Banco_BMG_Open_Banking-API-Customers_Business-19-Nov-2021.zip) [[View]](https://web.conformance.directory.openbankingbrasil.org.br/plan-detail.html?public=true&plan=w4JeaxjYX8t56) PASS,[19 Nov 2021](https://openbanking-brasil.github.io/conformance/submissions/functional/resources/1.0.2/Banco_BMG_S.A-Banco_BMG_Open_Banking-API-Resources19-Nov-2021.zip) [[View]]( https://web.conformance.directory.openbankingbrasil.org.br/plan-detail.html?public=true&plan=eVfe54Y5PoXKW) PASS,[19 Nov 2021](https://openbanking-brasil.github.io/conformance/submissions/functional/accounts/1.0.3/Banco_BMG_S.A-Banco_BMG_Open_Banking-API-Accounts-19-Nov-2021.zip) [[View]](https://web.conformance.directory.openbankingbrasil.org.br/plan-detail.html?public=true&plan=xcNq95L5BAbcr) PASS,[19 Nov 2021](https://openbanking-brasil.github.io/conformance/submissions/functional/credit-card/1.0.4/Banco_BMG_S.A-Banco_BMG_Open_Banking-API-Credit_Card-19-Nov-2021.zip) [[View]](https://web.conformance.directory.openbankingbrasil.org.br/log-detail.html?public=true&log=ktJeriCAQC7v97V) PASS,[12 Nov 2021](https://openbanking-brasil.github.io/conformance/submissions/functional/loans/1.0.4/Banco_BMG_S.A-Banco_BMG_Open_Banking-API-LOANS-12-Nov-2021.zip) [[View]](https://web.conformance.directory.openbankingbrasil.org.br/plan-detail.html?public=true&plan=nwkCmU5oxHv9h) PASS,[12 Nov 2021](https://openbanking-brasil.github.io/conformance/submissions/functional/financings/1.0.4/Banco_BMG_S.A-Banco_BMG_Open_Banking-API-FINANCINGS-12-Nov-2021.zip) [[View]](https://web.conformance.directory.openbankingbrasil.org.br/plan-detail.html?public=true&plan=KMznpAzaKKyN5) PASS,[19 Nov 2021](Banco_BMG_S.A-Banco_BMG_Open_Banking-API-Unarranged_overdraft-19-Nov-2021.zip) [[View]](https://web.conformance.directory.openbankingbrasil.org.br/plan-detail.html?public=true&plan=b8lwtSD4lg9VG) PASS,[19 Nov 2021](https://openbanking-brasil.github.io/conformance/submissions/functional/invoice-financings/1.0.4/Banco_BMG_S-Discount-Credit-Rights.zip) [[View]](https://web.conformance.directory.openbankingbrasil.org.br/plan-detail.html?public=true&plan=AOQGXv8lI2pnv) PASS
Banco Bradescard S.A.,Banco Bradescard - Open finance Brazil v1.0,[18 Nov 2021](https://openbanking-brasil.github.io/conformance/submissions/functional/consents/1.0.3/Banco_Bradescard-Bradescard-API-CONSENTS-19-Nov-2021.zip) [[View]](https://web.conformance.directory.openbankingbrasil.org.br/plan-detail.html?public=true&plan=hZHI98nrKfXe9) PASS,[18 Nov 2021](https://openbanking-brasil.github.io/conformance/submissions/functional/personal/1.0.3/Banco_Bradescard-Bradescard-API-CUSTOMER-18-Nov-2021.zip) [[View]](https://web.conformance.directory.openbankingbrasil.org.br/plan-detail.html?public=true&plan=6a0NNZT9TcrjN) PASS,,[25 Nov 2021](https://openbanking-brasil.github.io/conformance/submissions/functional/resources/1.0.2/Banco_Bradescard-Bradescard-API-RESOURCES-25-Nov-2021.zip) [[View]](https://web.conformance.directory.openbankingbrasil.org.br/plan-detail.html?public=true&plan=JLRtsOSiEfleN) PASS,,[19 Nov 2021](https://openbanking-brasil.github.io/conformance/submissions/functional/credit-card/1.0.4/Banco_Bradescard-Bradescard-API-CARDS-19-Nov-2021.zip) [[View]](https://web.conformance.directory.openbankingbrasil.org.br/plan-detail.html?public=true&plan=TsCvozyY764w9) PASS,,,,
Banco Bradesco S.A.,Banco Bradesco PJ – Open Finance Brazil v1.0,[22 Nov 2021](https://openbanking-brasil.github.io/conformance/submissions/functional/consents/1.0.3/Bradesco-BradescoPJ-API-CONSENTS-22-Nov-2021.zip) [[View]]( https://web.conformance.directory.openbankingbrasil.org.br/plan-detail.html?public=true&plan=8u9aG6HJvriIA) PASS,,[25 Nov 2021](https://openbanking-brasil.github.io/conformance/submissions/functional/business/1.0.3/Bradesco-BradescoPJ-API-CUSTOMER-25-Nov-2021.zip) [[View]](https://web.conformance.directory.openbankingbrasil.org.br/plan-detail.html?public=true&plan=TRpCstCKfC7s6) PASS,[22 Nov 2021](https://openbanking-brasil.github.io/conformance/submissions/functional/resources/1.0.2/Bradesco-BradescoPJ-API-RESOURCES-22-Nov-2021.zip) [[View]]( https://web.conformance.directory.openbankingbrasil.org.br/plan-detail.html?public=true&plan=5a4ctLifnUvhk) PASS,[17 Nov 2021](https://openbanking-brasil.github.io/conformance/submissions/functional/accounts/1.0.3/Bradesco-BradescoPJ-API-ACCOUNTS-17-Nov-2021.zip) [[View]](https://web.conformance.directory.openbankingbrasil.org.br/plan-detail.html?public=true&plan=V5A79dF2CaNdp) PASS,[15 Dec 2021](https://openbanking-brasil.github.io/conformance/submissions/functional/credit-card/1.0.4/Bradesco-BradescoPJ-API-CARDS-15-Dec-2021.zip) [[View]](https://web.conformance.directory.openbankingbrasil.org.br/plan-detail.html?public=true&plan=qJcEGLxWR8QQy) PASS,[17 Nov 2021](https://openbanking-brasil.github.io/conformance/submissions/functional/loans/1.0.4/Bradesco-BradescoPJ-API-LOANS-17-Nov-2021.zip) [[View]](https://web.conformance.directory.openbankingbrasil.org.br/plan-detail.html?public=true&plan=qAi33Ucr4lRkP)   PASS,[17 Nov 2021](https://openbanking-brasil.github.io/conformance/submissions/functional/financings/1.0.4/Bradesco-BradescoPJ-API-FINANCINGS-17-Nov-2021.zip) [[View]](https://web.conformance.directory.openbankingbrasil.org.br/plan-detail.html?public=true&plan=wLv1fb1ZzFPdG)   PASS,[17 Nov 2021](https://openbanking-brasil.github.io/conformance/submissions/functional/unarranged-overdraft/1.0.4/Bradesco-BradescoPJ-API-UNARRANGED_ACCOUNTS_OVERDRAFT-17-Nov-2021.zip) [[View]](https://web.conformance.directory.openbankingbrasil.org.br/plan-detail.html?public=true&plan=0cnZYY3yHwPnX) PASS,[17 Nov 2021](https://openbanking-brasil.github.io/conformance/submissions/functional/invoice-financings/1.0.4/Bradesco-BradescoPJ-API-DISCOUNTED_CREDIT_RIGHTS-17-Nov-2021.zip) [[View]](https://web.conformance.directory.openbankingbrasil.org.br/plan-detail.html?public=true&plan=hjP0tmJf0ZMfI) PASS
Banco Bradesco S.A.,Banco Bradesco Cartões PJ – Open Finance Brazil v1.0,[02 Feb 2022](https://openbanking-brasil.github.io/conformance/submissions/functional/consents/1.0.3/Bradesco-BradescoCartoesPJ-API-CONSENTS-4-Feb-2022.zip) [[View]](https://web.conformance.directory.openbankingbrasil.org.br/plan-detail.html?public=true&plan=gd3qhZT3DojGf)   PASS,,[04 Feb 2022](https://openbanking-brasil.github.io/conformance/submissions/functional/business/1.0.3/Bradesco-BradescoCartoesPJ-API-BUSINESSCUSTOMERDATA-4-Feb-2022.zip) [[View]](https://web.conformance.directory.openbankingbrasil.org.br/plan-detail.html?public=true&plan=vjQhEFnR5g4L1) PASS,[08 Feb 2022](https://openbanking-brasil.github.io/conformance/submissions/functional/resources/1.0.2/Bradesco-BradescoCartoesPJ-API-RESOURCES-10-Feb-2022.zip) [[View]](https://web.conformance.directory.openbankingbrasil.org.br/plan-detail.html?public=true&plan=MNWTXNi9SglV0) PASS,,[02 Feb 2022](https://openbanking-brasil.github.io/conformance/submissions/functional/credit-card/1.0.4/Bradesco-BradescoCartoesPJ-API-CREDITCARD-4-Feb-2022.zip) [[View]](https://web.conformance.directory.openbankingbrasil.org.br/plan-detail.html?public=true&plan=32ud8Ogb2psXN) PASS,,,,
Banco Bradesco S.A.,next – Open Finance Brazil v1.0,[18 Nov 2021](https://openbanking-brasil.github.io/conformance/submissions/functional/consents/1.0.3/Bradesco-NextPF-API-CONSENTS-17-Nov-2021.zip) [[View]]( https://web.conformance.directory.openbankingbrasil.org.br/plan-detail.html?public=true&plan=iocZ6BPg3vL3l) PASS,[17 Nov 2021](https://openbanking-brasil.github.io/conformance/submissions/functional/personal/1.0.3/Bradesco-Next-API-CUSTOMER-17-Nov-2021.zip) [[View]](https://web.conformance.directory.openbankingbrasil.org.br/plan-detail.html?public=true&plan=TNw92lRqZo470) PASS,,[22 Nov 2021](https://openbanking-brasil.github.io/conformance/submissions/functional/resources/1.0.2/Bradesco-NextPF-API-RESOURCES-23-Nov-2021.zip) [[View]]( https://web.conformance.directory.openbankingbrasil.org.br/plan-detail.html?public=true&plan=nNVXeXceZdyvy) PASS,[17 Nov 2021](https://openbanking-brasil.github.io/conformance/submissions/functional/accounts/1.0.3/Bradesco-Next-API-ACCOUNTS-17-Nov-2021.zip) [[View]](https://web.conformance.directory.openbankingbrasil.org.br/plan-detail.html?public=true&plan=aB46Qos7VuXrV) PASS,[25 Nov 2021](https://openbanking-brasil.github.io/conformance/submissions/functional/credit-card/1.0.4/Bradesco-NextPF-API-CARDS-25-Nov-2021.zip) [[View]](https://web.conformance.directory.openbankingbrasil.org.br/plan-detail.html?public=true&plan=mH1HFRczJUGXQ) PASS,[17 Nov 2021](https://openbanking-brasil.github.io/conformance/submissions/functional/loans/1.0.4/Bradesco-Next-API-LOANS-17-Nov-2021.zip) [[View]](https://web.conformance.directory.openbankingbrasil.org.br/plan-detail.html?public=true&plan=GRTCNeRwL6jE1) PASS,,,
Banco Bradesco S.A.,Banco Bradesco PF – Open Finance Brazil v1.0,[17 Nov 2021](https://openbanking-brasil.github.io/conformance/submissions/functional/consents/1.0.3/Bradesco-BradescoPF-API-CONSENTS-17-Nov-2021.zip) [[View]](https://web.conformance.directory.openbankingbrasil.org.br/plan-detail.html?public=true&plan=Dzm3xZYaF9jfS)   PASS,[06 Dec 2021](https://openbanking-brasil.github.io/conformance/submissions/functional/personal/1.0.3/Bradesco-BradescoPF-API-CUSTOMER-06-Dez-2021.zip) [[View]](https://web.conformance.directory.openbankingbrasil.org.br/plan-detail.html?public=true&plan=7JgfrNGxOT0Fc) PASS,,[22 Nov 2021](https://openbanking-brasil.github.io/conformance/submissions/functional/resources/1.0.2/Bradesco-BradescoPF-API-RESOURCES-22-Nov-2021.zip) [[View]]( https://web.conformance.directory.openbankingbrasil.org.br/plan-detail.html?public=true&plan=nyGugrAr0wmww) PASS,[17 Nov 2021](https://openbanking-brasil.github.io/conformance/submissions/functional/accounts/1.0.3/Bradesco-BradescoPF-API-ACCOUNTS-17-Nov-2021.zip) [[View]](https://web.conformance.directory.openbankingbrasil.org.br/plan-detail.html?public=true&plan=h973XIuXRDJHn) PASS,[25 Nov 2021](https://openbanking-brasil.github.io/conformance/submissions/functional/credit-card/1.0.4/Bradesco-BradescoPF-API-CARDS-25-Nov-2021.zip) [[View]](https://web.conformance.directory.openbankingbrasil.org.br/plan-detail.html?public=true&plan=vCHouWi34q0gD) PASS,[17 Nov 2021](https://openbanking-brasil.github.io/conformance/submissions/functional/loans/1.0.4/Bradesco-BradescoPF-API-LOANS-17-Nov-2021.zip) [[View]](https://web.conformance.directory.openbankingbrasil.org.br/plan-detail.html?public=true&plan=eUrV4RLXTIjch)   PASS,[17 Nov 2021](https://openbanking-brasil.github.io/conformance/submissions/functional/financings/1.0.4/Bradesco-BradescoPF-API-FINANCINGS-17-Nov-2021.zip) [[View]](https://web.conformance.directory.openbankingbrasil.org.br/plan-detail.html?public=true&plan=ud4x1TvOXykO1) PASS,[25 Nov 2021](https://openbanking-brasil.github.io/conformance/submissions/functional/unarranged-overdraft/1.0.4/Bradesco-BradescoPF-API-UNARRANGED_ACCOUNTS_OVERDRAFT-25-Nov-2021.zip) [[View]](https://web.conformance.directory.openbankingbrasil.org.br/plan-detail.html?public=true&plan=A61cAOtbrObhq) PASS,
Banco Bradesco Financiamentos S.A.,Bradesco Financiamentos - Open Finance Brazil v1.0,[18 Nov 2021](https://openbanking-brasil.github.io/conformance/submissions/functional/consents/1.0.3/Bradesco_Financiamentos-BBFPF-API-CONSENTS-18-Nov-2021.zip) [[View]](https://web.conformance.directory.openbankingbrasil.org.br/plan-detail.html?public=true&plan=dRbJxABWr5x8X)   PASS,[17 Nov 2021](https://openbanking-brasil.github.io/conformance/submissions/functional/personal/1.0.3/Bradesco_Financiamentos-BBFPF-API-CUSTOMER-17-Nov-2021.zip) [[View]]( https://web.conformance.directory.openbankingbrasil.org.br/plan-detail.html?public=true&plan=BZPOlQRjRP5ED)   PASS,,[19 Nov 2021](https://openbanking-brasil.github.io/conformance/submissions/functional/resources/1.0.2/Bradesco_Financiamentos-BBFPF-API-RESOURCES-19-Nov-2021.zip) [[View]]( https://web.conformance.directory.openbankingbrasil.org.br/plan-detail.html?public=true&plan=AG6pddJVBO5Aa)   PASS,,,,[25 Nov 2021](https://openbanking-brasil.github.io/conformance/submissions/functional/financings/1.0.4/Bradesco_Financiamentos-BBFPF-API-FINANCINGS-25-Nov-2021.zip) [[View]](https://web.conformance.directory.openbankingbrasil.org.br/plan-detail.html?public=true&plan=jzQc3j3GIOTpZ) PASS,,
Banco BOCOM BBM,BOCOM BBM Open Banking 1.0.0,[03 Jan 2022](https://openbanking-brasil.github.io/conformance/submissions/functional/consents/1.0.3/Consents_api_test-mtls-by_value-plain_response-QSqqNKtcenTjY-03-Jan-2022.zip) [[View]](https://web.conformance.directory.openbankingbrasil.org.br/plan-detail.html?public=true&plan=QSqqNKtcenTjY)   PASS,[20 Dec 2021](https://openbanking-brasil.github.io/conformance/submissions/functional/personal/1.0.3/Personal_Customer_Data_api_test-mtls-by_value-plain_response-oPo4xFRkR7CF8-20-Dec-2021.zip) [[View]](https://web.conformance.directory.openbankingbrasil.org.br/plan-detail.html?public=true&plan=oPo4xFRkR7CF8)   PASS,[20 Dec 2021](https://openbanking-brasil.github.io/conformance/submissions/functional/business/1.0.3/Business_Customer_Data_api_test-mtls-by_value-plain_response-PzzPT9XEiMPpl-20-Dec-2021.zip) [[View]](https://web.conformance.directory.openbankingbrasil.org.br/plan-detail.html?public=true&plan=PzzPT9XEiMPpl) PASS,[20 Dec 2021](https://openbanking-brasil.github.io/conformance/submissions/functional/resources/1.0.2/Resources_api_test-mtls-by_value-plain_response-gtAtOQrmol44q-20-Dec-2021.zip) [[View]](https://web.conformance.directory.openbankingbrasil.org.br/plan-detail.html?public=true&plan=gtAtOQrmol44q)   PASS,[20 Dec 2021](https://openbanking-brasil.github.io/conformance/submissions/functional/accounts/1.0.3/Account_api_test-mtls-by_value-plain_response-k7vfL41COsCTM-20-Dec-2021.zip) [[View]](https://web.conformance.directory.openbankingbrasil.org.br/plan-detail.html?public=true&plan=k7vfL41COsCTM) PASS,,[20 Dec 2021](https://openbanking-brasil.github.io/conformance/submissions/functional/loans/1.0.4/Loans_api_test-mtls-by_value-plain_response-WnTwFLIzsLiVY-20-Dec-2021.zip) [[View]](https://web.conformance.directory.openbankingbrasil.org.br/plan-detail.html?public=true&plan=WnTwFLIzsLiVY) PASS,[20 Dec 2021](https://openbanking-brasil.github.io/conformance/submissions/functional/financings/1.0.4/Financings_api_test-mtls-by_value-plain_response-6s7q9arManEJD-20-Dec-2021.zip) [[View]](https://web.conformance.directory.openbankingbrasil.org.br/plan-detail.html?public=true&plan=6s7q9arManEJD) PASS,,[20 Dec 2021](https://openbanking-brasil.github.io/conformance/submissions/functional/invoice-financings/1.0.4/Credit_operations_discounted_credit_rights_api_test-mtls-by_value-plain_response-21DN2MnCve4JQ-20-Dec-2021.zip) [[View]](https://web.conformance.directory.openbankingbrasil.org.br/plan-detail.html?public=true&plan=21DN2MnCve4JQ) PASS
Banco BTG Pactual S.A.,Banco BTG Pactual Open Banking v1.0,[03 Dec 2021](https://openbanking-brasil.github.io/conformance/submissions/functional/consents/1.0.3/BANCO-BTG-PACTUAL-SA-BANCO-BTG-PACTUAL-OPEN-BANKING-CONSENTS-API-03-Dec-2021.zip) [[View]](https://web.conformance.directory.openbankingbrasil.org.br/plan-detail.html?public=true&plan=VzP1sdoLERVrE) PASS,[18 Nov 2021](https://openbanking-brasil.github.io/conformance/submissions/functional/personal/1.0.3/BANCO-BTG-PACTUAL-SA-BANCO-BTG-PACTUAL-OPEN-BANKING-PERSONAL-CUSTOMER-DATA-API-18-Nov-2021.zip) [[View]](https://web.conformance.directory.openbankingbrasil.org.br/plan-detail.html?public=true&plan=xb34YUedTikur) PASS,[18 Nov 2021](https://openbanking-brasil.github.io/conformance/submissions/functional/business/1.0.3/BANCO-BTG-PACTUAL-SA-BANCO-BTG-PACTUAL-OPEN-BANKING-BUSINESS-COSTUMER-DATA-API-18-Nov-2021.zip) [[View]](https://web.conformance.directory.openbankingbrasil.org.br/plan-detail.html?public=true&plan=VAAj5QYOV3tXa) PASS,[01 Dec 2021](https://openbanking-brasil.github.io/conformance/submissions/functional/resources/1.0.2/BANCO-BTG-PACTUAL-SA-BANCO-BTG-PACTUAL-OPEN-BANKING-RESOURCES-API-01-Dec-2021.zip) [[View]](https://web.conformance.directory.openbankingbrasil.org.br/plan-detail.html?public=true&plan=YQFN3eezskhzP) PASS,[19 Nov 2021](https://openbanking-brasil.github.io/conformance/submissions/functional/accounts/1.0.3/BANCO-BTG-PACTUAL-SA-BANCO-BTG-PACTUAL-OPEN-BANKING-ACCOUNTS-API-19-Nov-2021.zip) [[View]](https://web.conformance.directory.openbankingbrasil.org.br/plan-detail.html?public=true&plan=rTL8jvoncxz0G)  PASS,[29 Nov 2021](https://openbanking-brasil.github.io/conformance/submissions/functional/credit-card/1.0.4/BANCO-BTG-PACTUAL-SA-BANCO-BTG-PACTUAL-OPEN-BANKING-CREDIT-CARD-API-30-Nov-2021.zip) [[View]](https://web.conformance.directory.openbankingbrasil.org.br/plan-detail.html?public=true&plan=OS48PsZteE3JL)   PASS,[18 Nov 2021](https://openbanking-brasil.github.io/conformance/submissions/functional/loans/1.0.4/BANCO-BTG-PACTUAL-SA-BANCO-BTG-PACTUAL-OPEN-BANKING-LOANS-API-18-Nov-2021.zip) [[View]](https://web.conformance.directory.openbankingbrasil.org.br/plan-detail.html?public=true&plan=WUGxFheaaWKFe)   PASS,[18 Nov 2021](https://openbanking-brasil.github.io/conformance/submissions/functional/financings/1.0.4/BANCO-BTG-PACTUAL-SA-BANCO-BTG-PACTUAL-OPEN-BANKING-FINANCINGS-API-18-Nov-2021.zip) [[View]](https://web.conformance.directory.openbankingbrasil.org.br/plan-detail.html?public=true&plan=N7g15UORD7spL)   PASS,[18 Nov 2021](https://openbanking-brasil.github.io/conformance/submissions/functional/unarranged-overdraft/1.0.4/Banco-BTG-PACTUAL-unarranged-overdraft-18-Nov-2021.zip) [[View]](https://web.conformance.directory.openbankingbrasil.org.br/plan-detail.html?public=true&plan=FMvWvWtQ7Iyhu)   PASS,[18 Nov 2021](https://openbanking-brasil.github.io/conformance/submissions/functional/invoice-financings/1.0.4/BANCO-BTG-PACTUAL-SA-BANCO-BTG-PACTUAL-OPEN-BANKING-DISCOUNTED-CREDIT-RIGHTS-API-18-Nov-2021.zip) [[View]](https://web.conformance.directory.openbankingbrasil.org.br/plan-detail.html?public=true&plan=ukUe5QX1VImuZ)   PASS
BANCO CITIBANK S.A.,Banco Citibank – Open Banking Brazil V1.0,[16 Dec 2021](https://openbanking-brasil.github.io/conformance/submissions/functional/consents/1.0.3/Consents_api_test-private_key_jwt-by_value-plain_response-A3bVZ0SVzgB65-16-Dec-2021.zip) [[View]](https://web.conformance.directory.openbankingbrasil.org.br/plan-detail.html?public=true&plan=A3bVZ0SVzgB65)   PASS,,[16 Dec 2021](https://openbanking-brasil.github.io/conformance/submissions/functional/business/1.0.3/Business_Customer_Data_api_test-private_key_jwt-by_value-plain_response-4I5zpIC9NgLcu-16-Dec-2021.zip) [[View]](https://web.conformance.directory.openbankingbrasil.org.br/plan-detail.html?public=true&plan=4I5zpIC9NgLcu) PASS,[16 Dec 2021](https://openbanking-brasil.github.io/conformance/submissions/functional/resources/1.0.2/Resources_api_test-private_key_jwt-by_value-plain_response-agrjssek5kibx-16-Dec-2021.zip) [[View]](https://web.conformance.directory.openbankingbrasil.org.br/plan-detail.html?public=true&plan=agrjssek5kibx)  PASS,[16 Dec 2021](https://openbanking-brasil.github.io/conformance/submissions/functional/accounts/1.0.3/Account_api_test-private_key_jwt-by_value-plain_response-wkwl2dpx2wVNO-16-Dec-2021.zip) [[View]](https://web.conformance.directory.openbankingbrasil.org.br/plan-detail.html?public=true&plan=wkwl2dpx2wVNO)  PASS,[16 Dec 2021](https://openbanking-brasil.github.io/conformance/submissions/functional/credit-card/1.0.4/Credit_card_api_test-private_key_jwt-by_value-plain_response-kPGdW2RDlSHez-16-Dec-2021.zip) [[View]](https://web.conformance.directory.openbankingbrasil.org.br/plan-detail.html?public=true&plan=kPGdW2RDlSHez)  PASS,[16 Dec 2021](https://openbanking-brasil.github.io/conformance/submissions/functional/loans/1.0.4/Loans_api_test-private_key_jwt-by_value-plain_response-ij9i6eOcQxlIb-16-Dec-2021.zip) [[View]](https://web.conformance.directory.openbankingbrasil.org.br/plan-detail.html?public=true&plan=ij9i6eOcQxlIb)  PASS,[16 Dec 2021](https://openbanking-brasil.github.io/conformance/submissions/functional/financings/1.0.4/Financings_api_test-private_key_jwt-by_value-plain_response-PMgBz6rcOr6Qi-16-Dec-2021.zip) [[View]](https://web.conformance.directory.openbankingbrasil.org.br/plan-detail.html?public=true&plan=PMgBz6rcOr6Qi)   PASS,[16 Dec 2021](https://openbanking-brasil.github.io/conformance/submissions/functional/unarranged-overdraft/1.0.4/Unarranged_overdraft_api_test-private_key_jwt-by_value-plain_response-KwjAvzZ2QOram-16-Dec-2021.zip) [[View]](https://web.conformance.directory.openbankingbrasil.org.br/plan-detail.html?public=true&plan=KwjAvzZ2QOram)   PASS,[16 Dec 2021](https://openbanking-brasil.github.io/conformance/submissions/functional/invoice-financings/1.0.4/Credit_operations_discounted_credit_rights_api_test-private_key_jwt-by_value-plain_response-YF8RWwVFGceC1-16-Dec-2021.zip) [[View]](https://web.conformance.directory.openbankingbrasil.org.br/plan-detail.html?public=true&plan=YF8RWwVFGceC1)   PASS
Banco do Brasil S.A,API BB v1,[23 Nov 2021](https://openbanking-brasil.github.io/conformance/submissions/functional/consents/1.0.3/Consents_api_test-mtls-by_value-plain_response-UZHtxOCC41p5e-24-Nov-2021.zip) [[View]]( https://web.conformance.directory.openbankingbrasil.org.br/plan-detail.html?public=true&plan=UZHtxOCC41p5e)  PASS,[19 Nov 2021](https://openbanking-brasil.github.io/conformance/submissions/functional/personal/1.0.3/Personal_Customer_Data_api_test-mtls-by_value-plain_response-3NeYBHWRmjcBA-19-Nov-2021.zip) [[View]]( https://web.conformance.directory.openbankingbrasil.org.br/plan-detail.html?public=true&plan=3NeYBHWRmjcBA)   PASS,[18 Nov 2021](https://openbanking-brasil.github.io/conformance/submissions/functional/business/1.0.3/Business_Customer_Data_api_test-mtls-by_value-plain_response-eLkjzpcDKLUjp-19-Nov-2021.zip) [[View]](https://web.conformance.directory.openbankingbrasil.org.br/plan-detail.html?public=true&plan=eLkjzpcDKLUjp)   PASS,[19 Nov 2021](https://openbanking-brasil.github.io/conformance/submissions/functional/resources/1.0.2/Resources_api_test-mtls-by_value-plain_response-RndL0EqhHH483-19-Nov-2021.zip) [[View]](https://web.conformance.directory.openbankingbrasil.org.br/plan-detail.html?public=true&plan=RndL0EqhHH483)   PASS,[19 Nov 2021](https://openbanking-brasil.github.io/conformance/submissions/functional/accounts/1.0.3/Account_api_test-mtls-by_value-plain_response-NmDBILpqBfcMV-19-Nov-2021.zip) [[View]](https://web.conformance.directory.openbankingbrasil.org.br/plan-detail.html?public=true&plan=NmDBILpqBfcMV) PASS,[23 Nov 2021](https://openbanking-brasil.github.io/conformance/submissions/functional/credit-card/1.0.4/Credit_card_api_test-mtls-by_value-plain_response-PWICZ69N3uxMO-24-Nov-2021.zip) [[View]](https://web.conformance.directory.openbankingbrasil.org.br/plan-detail.html?public=true&plan=PWICZ69N3uxMO) PASS,[19 Nov 2021](https://openbanking-brasil.github.io/conformance/submissions/functional/loans/1.0.4/Loans_api_test-mtls-by_value-plain_response-mFe3GRRAvtmcp-19-Nov-2021.zip) [[View]](https://web.conformance.directory.openbankingbrasil.org.br/plan-detail.html?public=true&plan=mFe3GRRAvtmcp) PASS,[19 Nov 2021](https://openbanking-brasil.github.io/conformance/submissions/functional/financings/1.0.4/Financings_api_test-mtls-by_value-plain_response-4JUdPxeCsv5m6-19-Nov-2021.zip) [[View]](https://web.conformance.directory.openbankingbrasil.org.br/plan-detail.html?public=true&plan=4JUdPxeCsv5m6) PASS,[19 Nov 2021](https://openbanking-brasil.github.io/conformance/submissions/functional/unarranged-overdraft/1.0.4/Unarranged_overdraft_api_test-mtls-by_value-plain_response-Cr7J1zvthSsSi-19-Nov-2021.zip) [[View]](https://web.conformance.directory.openbankingbrasil.org.br/plan-detail.html?public=true&plan=Cr7J1zvthSsSi) PASS,[19 Nov 2021](https://openbanking-brasil.github.io/conformance/submissions/functional/invoice-financings/1.0.4/Credit_operations_discounted_credit_rights_api_test-mtls-by_value-plain_response-2pVEQuObsIkQq-19-Nov-2021.zip) [[View]](https://web.conformance.directory.openbankingbrasil.org.br/plan-detail.html?public=true&plan=2pVEQuObsIkQq) PASS
Banco do Nordeste do Brasil S.A.,BNB Open Banking Brasil 1.0.0,[16 Nov 2021](https://openbanking-brasil.github.io/conformance/submissions/functional/consents/1.0.3/Consents_api_test-mtls-by_value-plain_response-Y8C8uHBZEIWWn-24-Nov-2021.zip) [[View]](https://web.conformance.directory.openbankingbrasil.org.br/plan-detail.html?public=true&plan=Y8C8uHBZEIWWn) PASS,[24 Nov 2021](https://openbanking-brasil.github.io/conformance/submissions/functional/personal/1.0.3/Personal_Customer_Data_api_test-mtls-by_value-plain_response-UGl2PMHh2GvIa-30-Nov-2021.zip) [[View]](https://web.conformance.directory.openbankingbrasil.org.br/plan-detail.html?public=true&plan=UGl2PMHh2GvIa) PASS,[24 Nov 2021](https://openbanking-brasil.github.io/conformance/submissions/functional/business/1.0.3/Business_Customer_Data_api_test-mtls-by_value-plain_response-6pzI2UoIiv34c-24-Nov-2021.zip) [[View]](https://web.conformance.directory.openbankingbrasil.org.br/plan-detail.html?public=true&plan=6pzI2UoIiv34c) PASS,[23 Nov 2021](https://openbanking-brasil.github.io/conformance/submissions/functional/resources/1.0.2/Resources_api_test-mtls-by_value-plain_response-SpyhfNmQL6gZ1-24-Nov-2021.zip) [[View]](https://web.conformance.directory.openbankingbrasil.org.br/plan-detail.html?public=true&plan=SpyhfNmQL6gZ1) PASS,[24 Nov 2021](https://openbanking-brasil.github.io/conformance/submissions/functional/accounts/1.0.3/Account_api_test-mtls-by_value-plain_response-K9sbPyRJmPjQk-24-Nov-2021.zip) [[View]](https://web.conformance.directory.openbankingbrasil.org.br/plan-detail.html?public=true&plan=K9sbPyRJmPjQk)   PASS,[24 Nov 2021](https://openbanking-brasil.github.io/conformance/submissions/functional/credit-card/1.0.4/Credit_card_api_test-mtls-by_value-plain_response-u6RR3oL4tXmNv-30-Nov-2021.zip) [[View]](https://web.conformance.directory.openbankingbrasil.org.br/plan-detail.html?public=true&plan=u6RR3oL4tXmNv) PASS,[17 Nov 2021](https://openbanking-brasil.github.io/conformance/submissions/functional/loans/1.0.4/Loans_api_test-mtls-by_value-plain_response-aBOUogtVjfRkC-24-Nov-2021.zip) [[View]](https://web.conformance.directory.openbankingbrasil.org.br/plan-detail.html?public=true&plan=aBOUogtVjfRkC) PASS,,,
Banco Losango S.A. – Banco Múltiplo,Banco Losango – Open Finance Brazil v1.0,[25 Nov 2021](https://openbanking-brasil.github.io/conformance/submissions/functional/consents/1.0.3/Banco_Losango_Losango-API-CONSENTS-25-Nov-2021.zip) [[View]](https://web.conformance.directory.openbankingbrasil.org.br/plan-detail.html?public=true&plan=oQi1D6aIFWijK)   PASS,[25 Nov 2021](https://openbanking-brasil.github.io/conformance/submissions/functional/personal/1.0.3/Banco_Losango-Losango-API-CUSTOMER-25-Nov-2021.zip) [[View]](https://web.conformance.directory.openbankingbrasil.org.br/plan-detail.html?public=true&plan=E2qz0xMXiZyEO)   PASS,,[19 Nov 2021](https://openbanking-brasil.github.io/conformance/submissions/functional/resources/1.0.2/Banco_Losango-Losango-API-RESOURCES-19-Nov-2021.zip) [[View]](https://web.conformance.directory.openbankingbrasil.org.br/plan-detail.html?public=true&plan=22bZ9BEOBMR9M) PASS,,[19 Nov 2021](https://openbanking-brasil.github.io/conformance/submissions/functional/credit-card/1.0.4/Banco_Losango-Losango-API-CARDS-19-Nov-2021.zip) [[View]](https://web.conformance.directory.openbankingbrasil.org.br/plan-detail.html?public=true&plan=ZYPcvEQ8AaUU8)  PASS,[25 Nov 2021](https://openbanking-brasil.github.io/conformance/submissions/functional/loans/1.0.4/Banco_Losango-Losango-API-LOANS-25-Nov-2021.zip) [[View]](https://web.conformance.directory.openbankingbrasil.org.br/plan-detail.html?public=true&plan=xYWNHr9ibckcb)   PASS,[25 Nov 2021](https://openbanking-brasil.github.io/conformance/submissions/functional/financings/1.0.4/Banco_Losango-Losango-API-FINANCINGS-25-Nov-2021.zip) [[View]](https://web.conformance.directory.openbankingbrasil.org.br/plan-detail.html?public=true&plan=t1IkEdJYRkbwN)   PASS,,
Banco Nacional de Desenvolvimento Econômico e Social,BNDES Open Banking 1.0.0,[22 Nov 2021](https://openbanking-brasil.github.io/conformance/submissions/functional/consents/1.0.3/BNDES-BNDES_Open_Banking-API-CONSENTS-02-Dez-2021.zip) [[View]](https://web.conformance.directory.openbankingbrasil.org.br/plan-detail.html?public=true&plan=sJK0iFaTzI3WT)   PASS,,[22 Nov 2021](https://openbanking-brasil.github.io/conformance/submissions/functional/business/1.0.3/BNDES-BNDES_Open_Banking-API-BUSINESS-CUSTOMERS-02-Dez-2021.zip) [[View]](https://web.conformance.directory.openbankingbrasil.org.br/plan-detail.html?public=true&plan=qOh4vwbtDbc4B)   PASS,[10 Dec 2021](https://openbanking-brasil.github.io/conformance/submissions/functional/resources/1.0.2/BNDES-BNDES_Open_Banking-API-RESOURCES-11-Dez-2021.zip) [[View]]( https://web.conformance.directory.openbankingbrasil.org.br/plan-detail.html?public=true&plan=wYE6NECU40JKq)   PASS,,,,[22 Nov 2021](https://openbanking-brasil.github.io/conformance/submissions/functional/financings/1.0.4/BNDES-BNDES_Open_Banking-API-FINANCINGS-02-Dez-2021.zip) [[View]](https://web.conformance.directory.openbankingbrasil.org.br/plan-detail.html?public=true&plan=W2ctFuiCHFU6g)   PASS,,
Banco Original,Fase 2 - Recertificação Funcional,[30 Nov 2021](https://openbanking-brasil.github.io/conformance/submissions/functional/consents/1.0.3/Consents_api_test-mtls-by_value-plain_response-a7qIJ9k0UOFPV-02-Dec-2021.zip) [[View]](https://web.conformance.directory.openbankingbrasil.org.br/plan-detail.html?public=true&plan=a7qIJ9k0UOFPV) PASS,[23 Nov 2021](https://openbanking-brasil.github.io/conformance/submissions/functional/personal/1.0.3/Personal_Customer_Data_api_test-mtls-by_value-plain_response-MQwHCfGgArStw-24-Nov-2021.zip) [[View]](https://web.conformance.directory.openbankingbrasil.org.br/plan-detail.html?public=true&plan=MQwHCfGgArStw)   PASS,[24 Nov 2021](https://openbanking-brasil.github.io/conformance/submissions/functional/business/1.0.3/BancoOriginalBusiness_Customer_Data_api_test-mtls-by_value-plain_response-CN8Xq0PJmKivX-24-Nov-2021.zip) [[View]](https://web.conformance.directory.openbankingbrasil.org.br/plan-detail.html?public=true&plan=mzkr5EYQMeVNl)   PASS,[23 Nov 2021](https://openbanking-brasil.github.io/conformance/submissions/functional/resources/1.0.2/Resources_api_test-mtls-by_value-plain_response-7csoZw9GkeP95-24-Nov-2021.zip) [[View]](https://web.conformance.directory.openbankingbrasil.org.br/plan-detail.html?public=true&plan=7csoZw9GkeP95) PASS,[18 Nov 2021](https://openbanking-brasil.github.io/conformance/submissions/functional/accounts/1.0.3/Account_api_test-mtls-by_value-plain_response-wfKKrCuLgTPKL-22-Nov-2021.zip) [[View]](https://web.conformance.directory.openbankingbrasil.org.br/plan-detail.html?public=true&plan=wfKKrCuLgTPKL) PASS,[19 Nov 2021](https://openbanking-brasil.github.io/conformance/submissions/functional/credit-card/1.0.4/Credit_card_api_test-mtls-by_value-plain_response-s7PpG96amKe76-22-Nov-2021.zip) [[View]](https://web.conformance.directory.openbankingbrasil.org.br/plan-detail.html?public=true&plan=s7PpG96amKe76)  PASS,[17 Nov 2021](https://openbanking-brasil.github.io/conformance/submissions/functional/loans/1.0.4/BancoOriginalLoans_api_test-mtls-by_value-plain_response-g1Mqjt1LAtkiD-19-Nov-2021.zip) [[View]](https://web.conformance.directory.openbankingbrasil.org.br/plan-detail.html?public=true&plan=g1Mqjt1LAtkiD)   PASS,[17 Nov 2021](https://openbanking-brasil.github.io/conformance/submissions/functional/financings/1.0.4/BancoOriginalFinancings_api_test-mtls-by_value-plain_response-NhcMWzAI8OpjM-19-Nov-2021.zip) [[View]](https://web.conformance.directory.openbankingbrasil.org.br/plan-detail.html?public=true&plan=NhcMWzAI8OpjM)   PASS,[17 Nov 2021](https://openbanking-brasil.github.io/conformance/submissions/functional/unarranged-overdraft/1.0.4/BancoOriginalUnarranged_overdraft_api_test-mtls-by_value-plain_response-UmB2h2i1v0hZW-19-Nov-2021.zip) [[View]](https://web.conformance.directory.openbankingbrasil.org.br/plan-detail.html?public=true&plan=UmB2h2i1v0hZW)   PASS,[17 Nov 2021](https://openbanking-brasil.github.io/conformance/submissions/functional/invoice-financings/1.0.4/BancoOriginalCredit_operations_discounted_credit_rights_api_test-mtls-by_value-plain_response-L4b0W93oV7OUl-19-Nov-2021.zip) [[View]](https://web.conformance.directory.openbankingbrasil.org.br/plan-detail.html?public=true&plan=L4b0W93oV7OUl)   PASS
BANCO PAN S.A.,Banco PAN Open Banking v1.0,[18 Nov 2021](https://openbanking-brasil.github.io/conformance/submissions/functional/consents/1.0.3/Consents-api-test-private_key_jwt-pushed-plain_response-YWAR5bJAZduon-18-Nov-2021.zip) [[View]](https://web.conformance.directory.openbankingbrasil.org.br/plan-detail.html?public=true&plan=YWAR5bJAZduon) PASS,[10 Nov 2021](https://openbanking-brasil.github.io/conformance/submissions/functional/personal/1.0.3/Personal_Customer_Data_api_test-private_key_jwt-pushed-plain_response-ALKlHUH8qxxMi-10-Nov-2021.zip) [[View]](https://web.conformance.directory.openbankingbrasil.org.br/plan-detail.html?public=true&plan=ALKlHUH8qxxMi) PASS,,[30 Nov 2021](https://openbanking-brasil.github.io/conformance/submissions/functional/resources/1.0.2/Resources-api-test-private_key_jwt-pushed-plain_response-L1pTglTOziwVV-30-Nov-2021.zip) [[View]](https://web.conformance.directory.openbankingbrasil.org.br/plan-detail.html?public=true&plan=L1pTglTOziwVV) PASS,[19 Nov 2021](https://openbanking-brasil.github.io/conformance/submissions/functional/accounts/1.0.3/Account_api_test-private_key_jwt-pushed-plain_response-Ywq6EVQ8PiYZX-19-Nov-2021.zip) [[View]](https://web.conformance.directory.openbankingbrasil.org.br/plan-detail.html?plan=Ywq6EVQ8PiYZX&public=true) PASS,[10 Nov 2021](https://openbanking-brasil.github.io/conformance/submissions/functional/credit-card/1.0.4/Credit_card_api_test-private_key_jwt-pushed-plain_response-sOz30xH9mJ7Vw-10-Nov-2021.zip) [[View]](https://web.conformance.directory.openbankingbrasil.org.br/plan-detail.html?public=true&plan=sOz30xH9mJ7Vw)   PASS,[18 Nov 2021](https://openbanking-brasil.github.io/conformance/submissions/functional/loans/1.0.4/BancoPanLoans_api_test-private_key_jwt-pushed-plain_response-REYw5wppVZdDX-18-Nov-2021.zip) [[View]](https://web.conformance.directory.openbankingbrasil.org.br/plan-detail.html?public=true&plan=REYw5wppVZdDX) PASS,[18 Nov 2021](https://openbanking-brasil.github.io/conformance/submissions/functional/financings/1.0.4/Financings-api-test-private_key_jwt-pushed-plain_response-IVDjUaDjKXf9z-19-Nov-2021.zip) [[View]](https://web.conformance.directory.openbankingbrasil.org.br/plan-detail.html?public=true&plan=IVDjUaDjKXf9z) PASS,,
Banco Paulista,Banco Paulista Open Banking 1.0,[19 Nov 2021](https://openbanking-brasil.github.io/conformance/submissions/functional/consents/1.0.3/BancoPaulista-Banco_Paulista_OpenBanking.zip) [[View]](https://web.conformance.directory.openbankingbrasil.org.br/plan-detail.html?plan=sutwZBJWPfTvz&public=true) PASS,[19 Nov 2021](https://openbanking-brasil.github.io/conformance/submissions/functional/personal/1.0.3/BancoPaulista-Banco_Paulista_OpenBanking.zip) [[View]](https://web.conformance.directory.openbankingbrasil.org.br/plan-detail.html?public=true&plan=7Ov50CtdVepUH) PASS,[02 Dec 2021](https://openbanking-brasil.github.io/conformance/submissions/functional/business/1.0.3/BancoPaulista-Banco_Paulista_OpenBanking_1-2.zip) [[View]](https://web.conformance.directory.openbankingbrasil.org.br/plan-detail.html?public=true&plan=F6RKtGBgpp9ie) PASS,[01 Dec 2021](https://openbanking-brasil.github.io/conformance/submissions/functional/resources/1.0.2/BancoPaulista-Banco_Paulista_OpenBanking_1.zip) [[View]](https://web.conformance.directory.openbankingbrasil.org.br/plan-detail.html?public=true&plan=kzUBJQilcPHMl) PASS,[19 Nov 2021](https://openbanking-brasil.github.io/conformance/submissions/functional/accounts/1.0.3/BancoPaulista-Banco_Paulista_OpenBanking_1.zip) [[View]](https://web.conformance.directory.openbankingbrasil.org.br/plan-detail.html?public=true&plan=qiMMwj7T9bnrq) PASS,,[19 Nov 2021](https://openbanking-brasil.github.io/conformance/submissions/functional/loans/1.0.4/BancoPaulista-Banco_Paulista_OpenBanking.zip) [[View]](https://web.conformance.directory.openbankingbrasil.org.br/plan-detail.html?public=true&plan=I1Zm6lP5toZv5) PASS,,,
Banco Safra S.A.,Safra Open Banking 1.1.0,[07 Dec 2021](https://openbanking-brasil.github.io/conformance/submissions/functional/consents/1.0.3/Banco_Safra_SA-Safra_Open_Banking-API-CONSENTS-private_key_jwt-08-Dec-2021.zip) [[View]](https://web.conformance.directory.openbankingbrasil.org.br/plan-detail.html?public=true&plan=bgEsq8SIu0hc1) PASS,[25 Nov 2021](https://openbanking-brasil.github.io/conformance/submissions/functional/personal/1.0.3/Banco_Safra_SA-Safra_Open_Banking-API-PERSONAL-CUSTOMERS-private_key_jwt-26-Nov-2021.zip) [[View]](https://web.conformance.directory.openbankingbrasil.org.br/plan-detail.html?public=true&plan=Zlq2I2OGpVKBV) PASS,[25 Nov 2021](https://openbanking-brasil.github.io/conformance/submissions/functional/business/1.0.3/Banco_Safra_SA-Safra_Open_Banking-API-BUSINESS-CUSTOMERS-private_key_jwt-26-Nov-2021.zip) [[View]](https://web.conformance.directory.openbankingbrasil.org.br/plan-detail.html?public=true&plan=0oCcCDoIpcrec) PASS,[25 Nov 2021](https://openbanking-brasil.github.io/conformance/submissions/functional/resources/1.0.2/Banco_Safra_SA-Safra_Open_Banking-API-RESOURCES-private_key_jwt-26-Nov-2021.zip) [[View]](https://web.conformance.directory.openbankingbrasil.org.br/plan-detail.html?public=true&plan=ImPCB4pAYvhwb) PASS,[02 Dec 2021](https://openbanking-brasil.github.io/conformance/submissions/functional/accounts/1.0.3/Banco_Safra_SA-Safra_Open_Banking-API-ACCOUNTS-private_key_jwt-03-Dec-2021.zip) [[View]](https://web.conformance.directory.openbankingbrasil.org.br/plan-detail.html?public=true&plan=pB1jAYJjfmGsD) PASS,[03 Dec 2021](https://openbanking-brasil.github.io/conformance/submissions/functional/credit-card/1.0.4/Banco_Safra_SA-Safra_Open_Banking-API-CREDIT-CARD-private_key_jwt-03-Dec-2021.zip) [[View]](https://web.conformance.directory.openbankingbrasil.org.br/plan-detail.html?public=true&plan=yEVjauEAPZ0wn) PASS,[02 Dec 2021](https://openbanking-brasil.github.io/conformance/submissions/functional/loans/1.0.4/Banco_Safra_SA-Safra_Open_Banking-API-LOANS-private_key_jwt-03-Dec-2021.zip) [[View]](https://web.conformance.directory.openbankingbrasil.org.br/plan-detail.html?public=true&plan=vx7FsfqSdGcHl)  PASS,[25 Nov 2021](https://openbanking-brasil.github.io/conformance/submissions/functional/financings/1.0.4/Banco_Safra_SA-Safra_Open_Banking-API-FINANCINGS-private_key_jwt-26-Nov-2021.zip) [[View]](https://web.conformance.directory.openbankingbrasil.org.br/plan-detail.html?public=true&plan=fVYRVVQxXSCKR)   PASS,[25 Nov 2021](https://openbanking-brasil.github.io/conformance/submissions/functional/unarranged-overdraft/1.0.4/Banco_Safra_SA-Safra_Open_Banking-API-UNARRANGED-ACCOUNTS-OVERDRAFT-private_key_jwt-26-Nov-2021.zip) [[View]](https://web.conformance.directory.openbankingbrasil.org.br/plan-detail.html?public=true&plan=ewQBzgOijo0Lp) PASS,[25 Nov 2021](https://openbanking-brasil.github.io/conformance/submissions/functional/invoice-financings/1.0.4/Banco_Safra_SA-Safra_Open_Banking-API-INVOICE-FINANCINGS-private_key_jwt-26-Nov-2021.zip) [[View]](https://web.conformance.directory.openbankingbrasil.org.br/plan-detail.html?public=true&plan=HGM0i8FtFVTaE) PASS
Banco Santander (Brasil) S.A.,Santander Open Banking 1.0.4,[17 Nov 2021](https://openbanking-brasil.github.io/conformance/submissions/functional/consents/1.0.3/BCO_SANTANDER_do_Brasil_S.A-API-CONSENTS-18-November-2021.zip) [[View]](https://web.conformance.directory.openbankingbrasil.org.br/plan-detail.html?public=true&plan=LemzaZqrUvDAD)   PASS,[17 Nov 2021](https://openbanking-brasil.github.io/conformance/submissions/functional/personal/1.0.3/BCO_SANTANDER_do_Brasil_S.A-API-PERSONAL-CUSTOMER-18-Novermber-2021.zip) [[View]](https://web.conformance.directory.openbankingbrasil.org.br/plan-detail.html?public=true&plan=Di8BJRZcfSs4I) PASS,[17 Nov 2021](https://openbanking-brasil.github.io/conformance/submissions/functional/business/1.0.3/BCO_SANTANDER_do_Brasil_S.A-API-BUSINESS-CUSTOMER-18-Novermber-2021.zip) [[View]](https://web.conformance.directory.openbankingbrasil.org.br/plan-detail.html?public=true&plan=ZpGut9IhF9O4D) PASS,[18 Nov 2021](https://openbanking-brasil.github.io/conformance/submissions/functional/resources/1.0.2/BCO_SANTANDER_do_Brasil_S.A-API-RESOURCE-18-November-2021.zip) [[View]](https://web.conformance.directory.openbankingbrasil.org.br/plan-detail.html?public=true&plan=EVEfdynBwDmiZ) PASS,[18 Nov 2021](https://openbanking-brasil.github.io/conformance/submissions/functional/accounts/1.0.3/BCO_SANTANDER_do_Brasil_S.A-API-ACCOUNTS-18-November-2021.zip) [[View]](https://web.conformance.directory.openbankingbrasil.org.br/plan-detail.html?public=true&plan=meIBSZoyH7Agr) PASS,[18 Nov 2021](https://openbanking-brasil.github.io/conformance/submissions/functional/credit-card/1.0.4/BCO_SANTANDER_do_Brasil_S.A-API-CREDIT_CARD_ACCOUNT-18-November-2021.zip) [[View]](https://web.conformance.directory.openbankingbrasil.org.br/log-detail.html?public=true&log=wMvlid5Ir3Q7c4G) PASS,[17 Nov 2021](https://openbanking-brasil.github.io/conformance/submissions/functional/loans/1.0.4/BCO_SANTANDER_do_Brasil_S.A-API-LOAN-18-November-2021.zip) [[View]](https://web.conformance.directory.openbankingbrasil.org.br/plan-detail.html?public=true&plan=B5UdhwTGJVV04)   PASS,[17 Nov 2021](https://openbanking-brasil.github.io/conformance/submissions/functional/financings/1.0.4/BCO_SANTANDER_do_Brasil_S.A-API-FINANCING-18-November-2021.zip) [[View]](https://web.conformance.directory.openbankingbrasil.org.br/plan-detail.html?public=true&plan=HsVvb5NiCjzLq)   PASS,[17 Nov 2021](https://openbanking-brasil.github.io/conformance/submissions/functional/unarranged-overdraft/1.0.4/BCO_SANTANDER_do_Brasil_S.A-API-UNARRANGED_ACCOUNT_OVERDRAFT-18-November-2021.zip) [[View]](https://web.conformance.directory.openbankingbrasil.org.br/plan-detail.html?public=true&plan=PAuD5oZg28iyO) PASS,[17 Nov 2021](https://openbanking-brasil.github.io/conformance/submissions/functional/invoice-financings/1.0.4/BCO_SANTANDER_do_Brasil_S.A-API-INVOICE_FINANCING-18-November-2021.zip) [[View]](https://web.conformance.directory.openbankingbrasil.org.br/plan-detail.html?public=true&plan=tMAJkfe9hOfYq) PASS
BANCO VOTORANTIM S/A,BV-Openbanking-1.0.0,[19 Nov 2021](https://openbanking-brasil.github.io/conformance/submissions/functional/consents/1.0.3/BANCO-VOTORANTIM_BV-Openbanking-API-CONSENT-19-Nov-2021.zip) [[View]](https://web.conformance.directory.openbankingbrasil.org.br/plan-detail.html?public=true&plan=NKZjp8QC5sQxD) PASS,[19 Nov 2021](https://openbanking-brasil.github.io/conformance/submissions/functional/personal/1.0.3/BANCO-VOTORANTIM_BV-Openbanking-API-PERSONAL-CUSTOMER-19-Nov-2021.zip) [[View]](https://web.conformance.directory.openbankingbrasil.org.br/plan-detail.html?public=true&plan=hIuFskuhsPqKd) PASS,[19 Nov 2021](https://openbanking-brasil.github.io/conformance/submissions/functional/business/1.0.3/BANCO-VOTORANTIM_BV-Openbanking-API-BUSINESS-CUSTOMER-19-Nov-2021.zip) [[View]](https://web.conformance.directory.openbankingbrasil.org.br/plan-detail.html?public=true&plan=iMWoDU9fr1Hdr) PASS,[19 Nov 2021](https://openbanking-brasil.github.io/conformance/submissions/functional/resources/1.0.2/BANCO-VOTORANTIM_BV-Openbanking-API-RESOURCES-19-Nov-2021.zip) [[View]](https://web.conformance.directory.openbankingbrasil.org.br/plan-detail.html?public=true&plan=SFjfFSsC8pKNk) PASS,[26 Nov 2021](https://openbanking-brasil.github.io/conformance/submissions/functional/accounts/1.0.3/BANCO-VOTORANTIM_BV-Openbanking-API-ACCOUNTS-26-Nov-2021.zip) [[View]](https://web.conformance.directory.openbankingbrasil.org.br/plan-detail.html?public=true&plan=LmO2LstchbFcw) PASS,[19 Nov 2021](https://openbanking-brasil.github.io/conformance/submissions/functional/credit-card/1.0.4/BANCO-VOTORANTIM_BV-Openbanking-API-CREDIT-CARD-19-Nov-2021.zip) [[View]](https://web.conformance.directory.openbankingbrasil.org.br/plan-detail.html?public=true&plan=01lldDhXFoBGf)   PASS,[19 Nov 2021](https://openbanking-brasil.github.io/conformance/submissions/functional/loans/1.0.4/BANCO-VOTORANTIM_BV-Openbanking-API-LOANS-22-Nov-2021.zip) [[View]](https://web.conformance.directory.openbankingbrasil.org.br/plan-detail.html?public=true&plan=Bt10dFrCGABWT)   PASS,[19 Nov 2021](https://openbanking-brasil.github.io/conformance/submissions/functional/financings/1.0.4/BANCO-VOTORANTIM_BV-Openbanking-API-FINANCINGS-22-Nov-2021.zip) [[View]](https://web.conformance.directory.openbankingbrasil.org.br/plan-detail.html?public=true&plan=gfUEnHuqJAYRv)   PASS,[26 Nov 2021](https://openbanking-brasil.github.io/conformance/submissions/functional/unarranged-overdraft/1.0.4/BANCO-VOTORANTIM_BV-Openbanking-API-UNARRANGED-OVERDRAFT-26-Nov-2021.zip) [[View]](https://web.conformance.directory.openbankingbrasil.org.br/plan-detail.html?public=true&plan=EsgziOtowT8Db) PASS,[29 Nov 2021](https://openbanking-brasil.github.io/conformance/submissions/functional/invoice-financings/1.0.4/BANCO-VOTORANTIM_BV-Openbanking-API-INVOICE-FINANCINGS-29-Nov-2021.zip) [[View]](https://web.conformance.directory.openbankingbrasil.org.br/plan-detail.html?public=true&plan=UKHWDE7K1jemn) PASS
Banrisul - Prudencial,Banrisul Open Banking v1.0.0,[23 Nov 2021](https://openbanking-brasil.github.io/conformance/submissions/functional/consents/1.0.3/Banrisul-Banrisul_Open_Banking_Brasil-API-CONSENTS-private_key_jwt-26-Nov-2021.zip) [[View]](https://web.conformance.directory.openbankingbrasil.org.br/log-detail.html?log=fwymK5k9jdf6nyo&public=true) PASS,[23 Nov 2021](https://openbanking-brasil.github.io/conformance/submissions/functional/personal/1.0.3/Banrisul-Banrisul_Open_Banking_Brasil-API-PERSONAL-CUSTOMER-private_key_jwt-26-Nov-2021.zip) [[View]](https://web.conformance.directory.openbankingbrasil.org.br/plan-detail.html?public=true&plan=2ncSG57TEFXHv) PASS,[23 Nov 2021](https://openbanking-brasil.github.io/conformance/submissions/functional/business/1.0.3/Banrisul-Banrisul_Open_Banking_Brasil-API-BUSINESS-CUSTOMER-private_key_jwt-26-Nov-2021.zip) [[View]](https://web.conformance.directory.openbankingbrasil.org.br/plan-detail.html?public=true&plan=HEOOhRHhlxwnp) PASS,[23 Nov 2021](https://openbanking-brasil.github.io/conformance/submissions/functional/resources/1.0.2/Banrisul-Banrisul_Open_Banking_Brasil-API-RESOURCES-private_key_jwt-26-Nov-2021.zip) [[View]](https://web.conformance.directory.openbankingbrasil.org.br/plan-detail.html?public=true&plan=Ddn8YWh5uhUpH) PASS,[25 Nov 2021](https://openbanking-brasil.github.io/conformance/submissions/functional/accounts/1.0.3/Banrisul-Banrisul_Open_Banking_Brasil-API-ACCOUNTS-private_key_jwt-26-Nov-2021.zip) [[View]](https://web.conformance.directory.openbankingbrasil.org.br/plan-detail.html?public=true&plan=xEw0RZomaKIu6) PASS,[15 Dec 2021](https://openbanking-brasil.github.io/conformance/submissions/functional/credit-card/1.0.4/Banrisul-Banrisul_Open_Banking_Brasil-API-CREDIT-CARD-private_key_jwt-15-Dec-2021.zip) [[View]](https://web.conformance.directory.openbankingbrasil.org.br/plan-detail.html?public=true&plan=paWtN7qBgXxf1) PASS,[23 Nov 2021](https://openbanking-brasil.github.io/conformance/submissions/functional/loans/1.0.4/Banrisul-Banrisul_Open_Banking_Brasil-API-LOANS-private_key_jwt-26-Nov-2021.zip) [[View]](https://web.conformance.directory.openbankingbrasil.org.br/plan-detail.html?public=true&plan=Oq214qjiqhvjV)   PASS,[23 Nov 2021](https://openbanking-brasil.github.io/conformance/submissions/functional/financings/1.0.4/Banrisul-Banrisul_Open_Banking_Brasil-API-FINANCINGS-private_key_jwt-26-Nov-2021.zip) [[View]](https://web.conformance.directory.openbankingbrasil.org.br/plan-detail.html?public=true&plan=GEx91Vsw7UVcK)   PASS,[23 Nov 2021](https://openbanking-brasil.github.io/conformance/submissions/functional/unarranged-overdraft/1.0.4/Banrisul-Banrisul_Open_Banking_Brasil-API-UNARRANGED-OVERDRAFT-private_key_jwt-26-Nov-2021.zip) [[View]](https://web.conformance.directory.openbankingbrasil.org.br/plan-detail.html?public=true&plan=dQZddGrJmp0G9) PASS,[23 Nov 2021](https://openbanking-brasil.github.io/conformance/submissions/functional/invoice-financings/1.0.4/Banrisul-Banrisul_Open_Banking_Brasil-API-INVOICE-FINANCINGS-private_key_jwt-26-Nov-2021.zip) [[View]](https://web.conformance.directory.openbankingbrasil.org.br/plan-detail.html?public=true&plan=pkVlaJ9JVwys3) PASS
CAIXA ECONÔMICA FEDERAL,Caixa Econômica Federal,[18 Nov 2021](https://openbanking-brasil.github.io/conformance/submissions/functional/consents/1.0.3/CAIXA-SIOBA-API-Consents-private_key_jwt-19-Nov-2021.zip) [[View]](https://web.conformance.directory.openbankingbrasil.org.br/plan-detail.html?public=true&plan=ConnnvDf5SncZ)   PASS,[11 Nov 2021](https://openbanking-brasil.github.io/conformance/submissions/functional/personal/1.0.3/CAIXA-SIBSA-API-Personal_Customer_Data-private_key_jwt-11-Nov-2021.zip) [[View]](https://web.conformance.directory.openbankingbrasil.org.br/plan-detail.html?public=true&plan=Xtfs5gIBX3rxf) PASS,[11 Nov 2021](https://openbanking-brasil.github.io/conformance/submissions/functional/business/1.0.3/CAIXA-SIBSA-API-Business_Customer_Data-private_key_jwt-11-Nov-2021.zip) [[View]](https://web.conformance.directory.openbankingbrasil.org.br/plan-detail.html?public=true&plan=rMyVmTBcloiMU) PASS,[25 Nov 2021](https://openbanking-brasil.github.io/conformance/submissions/functional/resources/1.0.2/CAIXA-SIOBA-API-Resources-private_key_jwt-26-Nov-2021.zip) [[View]](https://web.conformance.directory.openbankingbrasil.org.br/plan-detail.html?public=true&plan=TTRW5TTOieY9o) PASS,[18 Nov 2021](https://openbanking-brasil.github.io/conformance/submissions/functional/accounts/1.0.3/CAIXA-SIBSA-API-Accounts-private_key_jwt-19-Nov-2021.zip) [[View]](https://web.conformance.directory.openbankingbrasil.org.br/plan-detail.html?public=true&plan=Wtg5OhWAmfCsN) PASS,[29 Nov 2021](https://openbanking-brasil.github.io/conformance/submissions/functional/credit-card/1.0.4/CAIXA-SIBSA-API-Credit_card-private_key_jwt-29-Nov-2021.zip) [[View]](https://web.conformance.directory.openbankingbrasil.org.br/plan-detail.html?public=true&plan=ktRbi957dOuA1) PASS,[11 Nov 2021](https://openbanking-brasil.github.io/conformance/submissions/functional/loans/1.0.4/CAIXA-SIDPN-API-Loans-private_key_jwt-11-Nov-2021.zip) [[View]](https://web.conformance.directory.openbankingbrasil.org.br/plan-detail.html?public=true&plan=kjefR8H1XDqhr) PASS,[11 Nov 2021](https://openbanking-brasil.github.io/conformance/submissions/functional/financings/1.0.4/CAIXA-SIDPN-API-Financings-private_key_jwt-11-Nov-2021.zip) [[View]](https://web.conformance.directory.openbankingbrasil.org.br/plan-detail.html?public=true&plan=NV6BCtskgNswI) PASS,[11 Nov 2021](https://openbanking-brasil.github.io/conformance/submissions/functional/unarranged-overdraft/1.0.4/CAIXA-SIDPN-API-Unarranged_overdraft-private_key_jwt-11-Nov-2021.zip) [[View]](https://web.conformance.directory.openbankingbrasil.org.br/plan-detail.html?public=true&plan=m108ktlMYSnMu) PASS,[11 Nov 2021](https://openbanking-brasil.github.io/conformance/submissions/functional/invoice-financings/1.0.4/CAIXA-SIDPN-API-Credit_operations_discounted_credit_rights-private_key_jwt-11-Nov-2021.zip) [[View]](https://web.conformance.directory.openbankingbrasil.org.br/plan-detail.html?public=true&plan=R0ATifrmGmzHG) PASS
CONFEDERACAO DAS COOPERATIVAS DO SICREDI - CONFEDERACAO SICREDI,Open Banking 1.0.0,,,,,,,[08 Nov 2021](https://openbanking-brasil.github.io/conformance/submissions/functional/loans/1.0.4/Confederacao_das_Cooperativas_do_Sicredi-Confederacao_Sicredi-Open_Finance_1-2.zip) [[View]](https://web.conformance.directory.openbankingbrasil.org.br/plan-detail.html?public=true&plan=y3RPXl7WzqL3z) PASS,[22 Nov 2021](https://openbanking-brasil.github.io/conformance/submissions/functional/financings/1.0.4/Confederacao_das_Cooperativas_do_Sicredi-Confederacao_Sicredi-Open_Finance_1.0.3-Financings-17-nov-2021.zip) [[View]](https://web.conformance.directory.openbankingbrasil.org.br/plan-detail.html?public=true&plan=56pRUwWxspfhz) PASS,[08 Nov 2021](https://openbanking-brasil.github.io/conformance/submissions/functional/unarranged-overdraft/1.0.4/Confederacao_das_Cooperativas_do_Sicredi-Confederacao_Sicredi-Open_Finance_1-4.zip) [[View]](https://web.conformance.directory.openbankingbrasil.org.br/plan-detail.html?public=true&plan=O1Ha4Llx8CVMN) PASS,[08 Nov 2021](https://openbanking-brasil.github.io/conformance/submissions/functional/invoice-financings/1.0.4/Confederacao_das_Cooperativas_do_Sicredi-Confederacao_Sicredi-Open_Finance_1-8.zip) [[View]](https://web.conformance.directory.openbankingbrasil.org.br/plan-detail.html?public=true&plan=khoYIPup7Z3Th) PASS
CONFEDERACAO DAS COOPERATIVAS DO SICREDI - CONFEDERACAO SICREDI,Open Finance 1.0.3,[06 Dec 2021](https://openbanking-brasil.github.io/conformance/submissions/functional/consents/1.0.3/Confederacao_das_Cooperativas_do_Sicredi-Confederacao_Sicredi-Open_Finance_1.0.3-Consents-06-dec-2021.zip) [[View]](https://web.conformance.directory.openbankingbrasil.org.br/plan-detail.html?public=true&plan=TJt6lWDzqMSYB) PASS,[04 Nov 2021](https://openbanking-brasil.github.io/conformance/submissions/functional/personal/1.0.3/Confederacao_das_Cooperativas_do_Sicredi-Confederacao_Sicredi-Open_Finance_1.0.3-PersonalCust.zip) [[View]](https://web.conformance.directory.openbankingbrasil.org.br/plan-detail.html?public=true&plan=XR03gM0lDPSBK)   PASS,[30 Nov 2021](https://openbanking-brasil.github.io/conformance/submissions/functional/business/1.0.3/Confederacao_das_Cooperativas_do_Sicredi-Confederacao_Sicredi-Open_Finance_1.0.3-BusinessCust.zip) [[View]]( https://web.conformance.directory.openbankingbrasil.org.br/plan-detail.html?public=true&plan=gQoaEab1yJXUL)   PASS,[23 Nov 2021](https://openbanking-brasil.github.io/conformance/submissions/functional/resources/1.0.2/Confederacao_das_Cooperativas_do_Sicredi-Confederacao_Sicredi-Open_Finance_1-14.zip) [[View]](https://web.conformance.directory.openbankingbrasil.org.br/plan-detail.html?public=true&plan=r8uPJrKgEOG2G) PASS,[22 Nov 2021](https://openbanking-brasil.github.io/conformance/submissions/functional/accounts/1.0.3/Confederacao_das_Cooperativas_do_Sicredi-Confederacao_Sicredi-Open_Finance_1-12.zip) [[View]](https://web.conformance.directory.openbankingbrasil.org.br/plan-detail.html?public=true&plan=47QaY89b9Qhzn) PASS,[22 Nov 2021](https://openbanking-brasil.github.io/conformance/submissions/functional/credit-card/1.0.4/Confederacao_das_Cooperativas_do_Sicredi-Confederacao_Sicredi-Open_Finance_1.0.3-CreditCard-24-nov-2021.zip) [[View]](https://web.conformance.directory.openbankingbrasil.org.br/plan-detail.html?public=true&plan=wlWOBxBiqo4IQ) PASS,,,,
Itaú Unibanco S.A.,Itaú Unibanco v2.0,[03 Dec 2021](https://openbanking-brasil.github.io/conformance/submissions/functional/consents/1.0.3/Itau_Unibanco-API-CONSENT-private_key_jwt-03-Dec-2021.zip) [[View]](https://web.conformance.directory.openbankingbrasil.org.br/plan-detail.html?public=true&plan=2G4nW9M30VWWf) PASS,[03 Dec 2021](https://openbanking-brasil.github.io/conformance/submissions/functional/personal/1.0.3/Itau_Unibanco_API-CUSTOMER-PERSONAL-private_key_jwt-03-Dec-2021.zip) [[View]](https://web.conformance.directory.openbankingbrasil.org.br/plan-detail.html?public=true&plan=pxQCfBCyveRIl) PASS,[19 Nov 2021](https://openbanking-brasil.github.io/conformance/submissions/functional/business/1.0.3/Itau_Unibanco_S.A.-ItauBA_Unibanco_v2.0-API-CUSTOMER-BUSINESS-private_key_jwt-19-Nov-2021.zip) [[View]](https://web.conformance.directory.openbankingbrasil.org.br/plan-detail.html?public=true&plan=LyKTOvKBT3tfn) PASS,[03 Dec 2021](https://openbanking-brasil.github.io/conformance/submissions/functional/resources/1.0.2/Itau_Unibanco-API-RESOURCES-private_key_jwt-03-Dec-2021.zip) [[View]](https://web.conformance.directory.openbankingbrasil.org.br/plan-detail.html?public=true&plan=xtaS5tP5TTDdc)   PASS,[19 Nov 2021](https://openbanking-brasil.github.io/conformance/submissions/functional/accounts/1.0.3/Itau_Unibanco_S.A.-ItaauBA_Unibanco_v2.0-API-ACCOUNTS-private_key_jwt-19-Nov-2021.zip) [[View]](https://web.conformance.directory.openbankingbrasil.org.br/plan-detail.html?public=true&plan=VHz8j3eIXA3H7)   PASS,[18 Nov 2021](https://openbanking-brasil.github.io/conformance/submissions/functional/credit-card/1.0.4/Itau_Unibanco_S-Credit-Card.zip) [[View]](https://web.conformance.directory.openbankingbrasil.org.br/plan-detail.html?public=true&plan=KUaXEaT09rnos) PASS,[19 Nov 2021](https://openbanking-brasil.github.io/conformance/submissions/functional/loans/1.0.4/Itau_Unibanco_S.A.-ItauBA_Unibanco_v2.0-API-LOANS-private_key_jwt-19-Nov-2021.zip) [[View]](https://web.conformance.directory.openbankingbrasil.org.br/plan-detail.html?public=true&plan=yNiVvNvjZxk2i)   PASS,[03 Dec 2021](https://openbanking-brasil.github.io/conformance/submissions/functional/financings/1.0.4/Itau_Unibanco-API-FINANCINGS-private_key_jwt-03-Dec-2021.zip) [[View]](https://web.conformance.directory.openbankingbrasil.org.br/plan-detail.html?public=true&plan=Ea2QwEzThOE8X) PASS,[23 Dec 2021](https://openbanking-brasil.github.io/conformance/submissions/functional/unarranged-overdraft/1.0.4/Itau_Unibanco_S.A.-v2.0-API-UNARRANGED-ACCOUNTS-OVERDRAFT-private_key_jwt-23-Dec-2021.zip) [[View]](https://web.conformance.directory.openbankingbrasil.org.br/plan-detail.html?public=true&plan=yfQburcUjqVuo)  PASS,[23 Dec 2021](https://openbanking-brasil.github.io/conformance/submissions/functional/invoice-financings/1.0.4/Itau_Unibanco_S-Discount-Credit-Rights-December.zip) [[View]](https://web.conformance.directory.openbankingbrasil.org.br/plan-detail.html?public=true&plan=J0sDvR0PFrqVe)  PASS
MERCADOPAGO.COM REPRESENTACOES LTDA,Mercado Pago Open Banking v1.0,[17 Nov 2021](https://openbanking-brasil.github.io/conformance/submissions/functional/consents/1.0.3/Consents-api-test-mtls-by_value-plain_response-y8vZBPGgFrQ2z-17-Nov-2021.zip) [[View]](https://web.conformance.directory.openbankingbrasil.org.br/plan-detail.html?public=true&plan=y8vZBPGgFrQ2z)   PASS,[23 Nov 2021](https://openbanking-brasil.github.io/conformance/submissions/functional/personal/1.0.3/Personal-Customer-Data-api-test-mtls-by_value-plain_response-YOpopb4CCO0du-23-Nov-2021.zip) [[View]](https://web.conformance.directory.openbankingbrasil.org.br/plan-detail.html?public=true&plan=YOpopb4CCO0du)   PASS,[18 Nov 2021](https://openbanking-brasil.github.io/conformance/submissions/functional/business/1.0.3/Business-Customer-Data-api-test-mtls-by_value-plain_response-1X5EBlIQuGEMC-18-Nov-2021.zip) [[View]](https://web.conformance.directory.openbankingbrasil.org.br/plan-detail.html?public=true&plan=1X5EBlIQuGEMC)   PASS,[23 Nov 2021](https://openbanking-brasil.github.io/conformance/submissions/functional/resources/1.0.2/Resources-api-test-mtls-by_value-plain_response-U5MMNWB29U37E-23-Nov-2021.zip) [[View]](https://web.conformance.directory.openbankingbrasil.org.br/plan-detail.html?public=true&plan=U5MMNWB29U37E)   PASS,[23 Nov 2021](https://openbanking-brasil.github.io/conformance/submissions/functional/accounts/1.0.3/Account-api-test-mtls-by_value-plain_response-OfDeSXkG4S2FF-23-Nov-2021.zip) [[View]](https://web.conformance.directory.openbankingbrasil.org.br/plan-detail.html?public=true&plan=OfDeSXkG4S2FF) PASS,[18 Nov 2021](https://openbanking-brasil.github.io/conformance/submissions/functional/credit-card/1.0.4/Credit-card-api-test-mtls-by_value-plain_response-MJzZjyqwHd6iY-18-Nov-2021.zip) [[View]](https://web.conformance.directory.openbankingbrasil.org.br/log-detail.html?log=IvXl2mwqB9qoHDF&public=true)   PASS,[13 Jun 2022](https://openbanking-brasil.github.io/conformance/submissions/functional/loans/1.0.4/Loans_api_test-mtls-by_value-plain_response-jbyxChG61NTJ6-13-Jun-2022_%25282%2529.zip) [[View]](https://web.conformance.directory.openbankingbrasil.org.br/plan-detail.html?public=true&plan=jbyxChG61NTJ6)   PASS,[13 Jun 2022](https://openbanking-brasil.github.io/conformance/submissions/functional/financings/1.0.4/Financings_api_test-mtls-by_value-plain_response-XmsRi4aqNQpCq-13-Jun-2022_%25281%2529.zip) [[View]](https://web.conformance.directory.openbankingbrasil.org.br/plan-detail.html?public=true&plan=XmsRi4aqNQpCq) PASS,,
MOVA S.E.P.,Mova Open Finance v.1.0,,,,,,,[22 Aug 2022](https://openbanking-brasil.github.io/conformance/submissions/functional/loans/1.0.4/mova-loans-api-test-mtls-pushed-jarm-bMJn5J0vn55l7-13-Jul-2022.zip) [[View]](https://web.conformance.directory.openbankingbrasil.org.br/plan-detail.html?public=true&plan=bMJn5J0vn55l7) PASS,[04 Jul 2022](https://openbanking-brasil.github.io/conformance/submissions/functional/financings/1.0.4/mova-financings-api-test-mtls-pushed-jarm-9rO7VP46HsDSK-13-Jul-2022.zip) [[View]](https://web.conformance.directory.openbankingbrasil.org.br/plan-detail.html?public=true&plan=9rO7VP46HsDSK) PASS,,
Banco PSA,PSA Open Finance 1.0.1,[02 Dec 2021](https://openbanking-brasil.github.io/conformance/submissions/functional/consents/1.0.3/PSA_Banco_Stellantis-Consents_api_test-private_key_jwt-pushed-plain_response-5speX9ChFXvmo-02-Dec-2021.zip) [[View]](https://web.conformance.directory.openbankingbrasil.org.br/plan-detail.html?public=true&plan=5speX9ChFXvmo)   PASS,[18 Nov 2021](https://openbanking-brasil.github.io/conformance/submissions/functional/personal/1.0.3/PSA_Banco_Stellantis-Personal-Customer-Data-api-test-private_key_jwt-pushed-plain_response-b7yXPkYeSx6EQ-18-Nov-2021.zip) [[View]](https://web.conformance.directory.openbankingbrasil.org.br/plan-detail.html?public=true&plan=b7yXPkYeSx6EQ) PASS,[24 Nov 2021](https://openbanking-brasil.github.io/conformance/submissions/functional/business/1.0.3/) [[View]](https://web.conformance.directory.openbankingbrasil.org.br/plan-detail.html?public=true&plan=b40QttJSeFwP6) PASS,[19 Nov 2021](https://openbanking-brasil.github.io/conformance/submissions/functional/resources/1.0.2/PSA_Banco_Stellantis-Resources-api-test-private_key_jwt-pushed-plain_response-VciwtleY4qwPi-19-Nov-2021.zip) [[View]](https://web.conformance.directory.openbankingbrasil.org.br/plan-detail.html?public=true&plan=VciwtleY4qwPi) PASS,,,,[24 Nov 2021](https://openbanking-brasil.github.io/conformance/submissions/functional/financings/1.0.4/PSA_Banco_Stellantis-Financings-api-test-private_key_jwt-pushed-plain_response-xR8IxjXUTsf67-08-Nov-2021.zip) [[View]](https://web.conformance.directory.openbankingbrasil.org.br/plan-detail.html?public=true&plan=iyklK7GtGGwez) PASS,,
Sicoob,Sicoob Open Finance v1,[18 Nov 2021](https://openbanking-brasil.github.io/conformance/submissions/functional/consents/1.0.3/Sicoob-Sicoob_Open_Finance-API-Consents-18-Nov-2021.zip) [[View]](https://web.conformance.directory.openbankingbrasil.org.br/plan-detail.html?public=true&plan=HaZSAt0blficE)   PASS,[19 Nov 2021](https://openbanking-brasil.github.io/conformance/submissions/functional/personal/1.0.3/Sicoob-Sicoob_Open_Finance-API-_Personal_Customer_Data-19-_Nov-2021.zip) [[View]](https://web.conformance.directory.openbankingbrasil.org.br/plan-detail.html?public=true&plan=VxLbXHPtSxLXH) PASS,[19 Nov 2021](https://openbanking-brasil.github.io/conformance/submissions/functional/business/1.0.3/Sicoob-Sicoob_Open_Finance-API-_Business_Customer_Data_-19-_Nov-2021.zip) [[View]](https://web.conformance.directory.openbankingbrasil.org.br/plan-detail.html?public=true&plan=zM9xmyi1IjCdU)   PASS,[19 Nov 2021](https://openbanking-brasil.github.io/conformance/submissions/functional/resources/1.0.2/Sicoob-Sicoob_Open_Finance-API-__Resources_-19-_Nov-2021.zip) [[View]](https://web.conformance.directory.openbankingbrasil.org.br/plan-detail.html?public=true&plan=3i4ItSd4MzTNb)   PASS,[29 Nov 2021](https://openbanking-brasil.github.io/conformance/submissions/functional/accounts/1.0.3/SicoobOpenFinanceAccounts-29-Nov-2021.zip) [[View]](https://web.conformance.directory.openbankingbrasil.org.br/plan-detail.html?public=true&plan=Y7niLvw0CT9Ss) PASS,[18 Nov 2021](https://openbanking-brasil.github.io/conformance/submissions/functional/credit-card/1.0.4/Sicoob-Sicoob_Open_Finance-API-Credit-card-18-Nov-2021.zip) [[View]](https://web.conformance.directory.openbankingbrasil.org.br/plan-detail.html?public=true&plan=Dtkc6wAlrU3eE) PASS,[18 Nov 2021](https://openbanking-brasil.github.io/conformance/submissions/functional/loans/1.0.4/Sicoob-Sicoob_Open_Finance-API-Loans-18-Nov-2021.zip) [[View]](https://web.conformance.directory.openbankingbrasil.org.br/plan-detail.html?public=true&plan=XXlv3uMxcOXjR) PASS,[18 Nov 2021](https://openbanking-brasil.github.io/conformance/submissions/functional/financings/1.0.4/Sicoob-Sicoob_Open_Finance-API-Financings-18-Nov-2021.zip) [[View]](https://web.conformance.directory.openbankingbrasil.org.br/plan-detail.html?public=true&plan=a2V1jYmnnysI3)   PASS,[19 Nov 2021](https://openbanking-brasil.github.io/conformance/submissions/functional/unarranged-overdraft/1.0.4/Sicoob-Sicoob_Open_Finance-API-Unarranged_overdraft_api_test-19-_Nov-2021.zip) [[View]](https://web.conformance.directory.openbankingbrasil.org.br/plan-detail.html?public=true&plan=wShSMNVtCiMdB) PASS,[18 Nov 2021](https://openbanking-brasil.github.io/conformance/submissions/functional/invoice-financings/1.0.4/Sicoob-Sicoob_Open_Finance-API-Discountend-Credit-18-Nov-2021.zip) [[View]](https://web.conformance.directory.openbankingbrasil.org.br/plan-detail.html?public=true&plan=P8rPA0APBzo0X) PASS
Up.p SEP SA,Up.p Open Banking 1.0,"[10 Dec 2021](https://openbanking-brasil.github.io/conformance/submissions/functional/consents/1.0.3/Consents-api-test-mtls-pushed-jarm-Q9ZXbetHT0re8-13-Dec-2021.zip) [[View]](https://web.conformance.directory.openbankingbrasil.org.br/plan-detail.html?public=true&plan=Q9ZXbetHT0re8) PASS ",[10 Dec 2021](https://openbanking-brasil.github.io/conformance/submissions/functional/personal/1.0.3/Personal-Customer-Data-api-test-mtls-pushed-jarm-KYN4BECz0pcvc-13-Dec-2021.zip) [[View]](https://web.conformance.directory.openbankingbrasil.org.br/plan-detail.html?public=true&plan=KYN4BECz0pcvc) PASS,[10 Dec 2021](https://openbanking-brasil.github.io/conformance/submissions/functional/business/1.0.3/Business-Customer-Data-api-test-mtls-pushed-jarm-ZZscRBUU5EvYM-13-Dec-2021.zip) [[View]](https://web.conformance.directory.openbankingbrasil.org.br/plan-detail.html?public=true&plan=ZZscRBUU5EvYM)   PASS,[10 Dec 2021](https://openbanking-brasil.github.io/conformance/submissions/functional/resources/1.0.2/Resources-api-test-mtls-pushed-jarm-aVFw5FG336KPM-13-Dec-2021.zip) [[View]](https://web.conformance.directory.openbankingbrasil.org.br/plan-detail.html?public=true&plan=aVFw5FG336KPM)   PASS,[15 Dec 2021](https://openbanking-brasil.github.io/conformance/submissions/functional/accounts/1.0.3/Account-api-test-mtls-pushed-jarm-GpR72Ve9NRpGE-15-Dec-2021.zip) [[View]](https://web.conformance.directory.openbankingbrasil.org.br/plan-detail.html?public=true&plan=GpR72Ve9NRpGE) PASS,,[10 Dec 2021](https://openbanking-brasil.github.io/conformance/submissions/functional/loans/1.0.4/Loans-api-test-mtls-pushed-jarm-WBaBmxkgsFXqZ-13-Dec-2021.zip) [[View]](https://web.conformance.directory.openbankingbrasil.org.br/plan-detail.html?public=true&plan=WBaBmxkgsFXqZ) PASS,[10 Dec 2021](https://openbanking-brasil.github.io/conformance/submissions/functional/financings/1.0.4/Financings-api-test-mtls-pushed-jarm-6IrMzm81dGnlu-13-Dec-2021.zip) [[View]](https://web.conformance.directory.openbankingbrasil.org.br/plan-detail.html?public=true&plan=6IrMzm81dGnlu)   PASS,,
Geru Sociedade de Crédito Direto S.A.,Geru Open Finance v1.0.0,[19 Nov 2021](https://openbanking-brasil.github.io/conformance/submissions/functional/consents/1.0.3/Geru-Geru_Open_Finance-API-CONSENTS-19-Nov-2021.zip) [[View]](https://web.conformance.directory.openbankingbrasil.org.br/plan-detail.html?public=true&plan=nRlQMmqAs4xli) PASS,[19 Nov 2021](https://openbanking-brasil.github.io/conformance/submissions/functional/personal/1.0.3/Geru-Geru_Open_Finance-API-PERSONAL-CUSTOMER-DATA-19-Nov-2021.zip) [[View]](https://web.conformance.directory.openbankingbrasil.org.br/plan-detail.html?public=true&plan=AP2QXzg33s4qK)   PASS,,[19 Nov 2021](https://openbanking-brasil.github.io/conformance/submissions/functional/resources/1.0.2/Geru-Geru_Open_Finance-API-RESOURCES-19-Nov-2021.zip) [[View]](https://web.conformance.directory.openbankingbrasil.org.br/plan-detail.html?public=true&plan=V3QbJhZFkTlVm)   PASS,,,[19 Nov 2021](https://openbanking-brasil.github.io/conformance/submissions/functional/loans/1.0.4/Geru-Geru_Open_Finance-API-LOANS-19-Nov-2021.zip) [[View]](https://web.conformance.directory.openbankingbrasil.org.br/plan-detail.html?public=true&plan=IS5aDLzbt1yWi) PASS,,,
PicPay Serviços S.A,PicPay Open Banking 1.0.0,[23 Feb 2022](https://openbanking-brasil.github.io/conformance/submissions/functional/consents/1.0.3/Consents_api_test-private_key_jwt-by_value-plain_response-F4cF6q9u7h5dc-04-Mar-2022.zip) [[View]](https://web.conformance.directory.openbankingbrasil.org.br/plan-detail.html?public=true&plan=1tlReHueg20BY)   PASS,[23 Feb 2022](https://openbanking-brasil.github.io/conformance/submissions/functional/personal/1.0.3/Personal_Customer_Data_api_test-private_key_jwt-by_value-plain_response-tapbCCq7mrcx5-04-Mar-2022.zip) [[View]](https://web.conformance.directory.openbankingbrasil.org.br/plan-detail.html?public=true&plan=tapbCCq7mrcx5)   PASS,[23 Feb 2022](https://openbanking-brasil.github.io/conformance/submissions/functionalbusiness/1.0.3/Business_Customer_Data_api_test-private_key_jwt-by_value-plain_response-jObutfqGa3Zh5-04-Mar-2022.zip) [[View]](https://web.conformance.directory.openbankingbrasil.org.br/plan-detail.html?public=true&plan=jObutfqGa3Zh5)   PASS,[23 Feb 2022](https://openbanking-brasil.github.io/conformance/submissions/functional/resources/1.0.2/Resources_api_test-private_key_jwt-by_value-plain_response-1tlReHueg20BY-04-Mar-2022.zip) [[View]](https://web.conformance.directory.openbankingbrasil.org.br/plan-detail.html?public=true&plan=1tlReHueg20BY)   PASS,[21 Mar 2022](https://openbanking-brasil.github.io/conformance/submissions/functional/accounts/1.0.3/Account_api_test-private_key_jwt-by_value-plain_response-x1nrMNq9WXpCN-21-Mar-2022.zip) [[View]](https://web.conformance.directory.openbankingbrasil.org.br/plan-detail.html?public=true&plan=x1nrMNq9WXpCN) PASS,[21 03 2022](https://openbanking-brasil.github.io/conformance/submissions/functional/credit-card/1.0.4/Credit_card_api_test-private_key_jwt-by_value-plain_response-T1qOaf6gIWoB3-21-Mar-2022.zip) [[View]](https://web.conformance.directory.openbankingbrasil.org.br/plan-detail.html?public=true&plan=T1qOaf6gIWoB3)   PASS,[23 Feb 2022](https://openbanking-brasil.github.io/conformance/submissions/functional/loans/1.0.4/Loans_api_test-private_key_jwt-by_value-plain_response-ag60rQkvvZJjs-04-Mar-2022.zip) [[View]](https://web.conformance.directory.openbankingbrasil.org.br/plan-detail.html?public=true&plan=ag60rQkvvZJjs)   PASS,,,
Neon Pagamentos S.A.,"Neon Open Banking 1.0.0 ",[17 Jun 2022](https://openbanking-brasil.github.io/conformance/submissions/functional/consents/1.0.3/neon-consents.zip) [[View]](https://web.conformance.directory.openbankingbrasil.org.br/plan-detail.html?public=true&plan=dnhmk86S7FtTf)   PASS,[08 Jun 2022](https://openbanking-brasil.github.io/conformance/submissions/functional/personal/1.0.3/Personal_Customer_Data_api_test-mtls-by_value-plain_response-Cgv1MicV3P7JG-10-Jun-2022.zip) [[View]](https://web.conformance.directory.openbankingbrasil.org.br/plan-detail.html?public=true&plan=Cgv1MicV3P7JG)   PASS,[28 Jun 2022](https://openbanking-brasil.github.io/conformance/submissions/functional/business/1.0.3/Business-Customer-Data-api-test-mtls-by_value-plain_response-lOm8Ydpna6hYo-28-Jun-2022.zip) [[View]](https://web.conformance.directory.openbankingbrasil.org.br/plan-detail.html?public=true&plan=lOm8Ydpna6hYo)   PASS,[06 Jun 2022](https://openbanking-brasil.github.io/conformance/submissions/functional/resources/1.0.2/Resources_api_test-mtls-by_value-plain_response-Ohl8AUHwRXsur-10-Jun-2022.zip) [[View]](https://web.conformance.directory.openbankingbrasil.org.br/plan-detail.html?public=true&plan=Ohl8AUHwRXsur)   PASS,[30 May 2022](https://openbanking-brasil.github.io/conformance/submissions/functional/accounts/1.0.3/Account_api_test-mtls-by_value-plain_response-TrQm4lOmaokB2-30-May-2022.zip) [[View]](https://web.conformance.directory.openbankingbrasil.org.br/plan-detail.html?public=true&plan=TrQm4lOmaokB2) PASS,[08 Jun 2022](https://openbanking-brasil.github.io/conformance/submissions/functional/credit-card/1.0.4/Credit_card_api_test-mtls-by_value-plain_response-PQA9AgAOpkvSP-10-Jun-2022.zip) [[View]](https://web.conformance.directory.openbankingbrasil.org.br/plan-detail.html?public=true&plan=PQA9AgAOpkvSP)   PASS,[06 Jun 2022](https://openbanking-brasil.github.io/conformance/submissions/functional/loans/1.0.4/Loans_api_test-mtls-by_value-plain_response-jWChPaG1bITCw-10-Jun-2022.zip) [[View]](https://web.conformance.directory.openbankingbrasil.org.br/plan-detail.html?public=true&plan=jWChPaG1bITCw)   PASS,,,
BANCO XP S.A.,BANCO XP S.A. Open Banking 2.0,[22 Jun 2022](https://openbanking-brasil.github.io/conformance/submissions/functional/consents/1.0.3/BancoXP-Consents-23-June-2022.zip) [[View]](https://web.conformance.directory.openbankingbrasil.org.br/plan-detail.html?public=true&plan=nQoRyJdvPYQ6R)  PASS,[20 Jun 2022](https://openbanking-brasil.github.io/conformance/submissions/functional/personal/1.0.3/banco-xp-personal.zip) [[View]](https://web.conformance.directory.openbankingbrasil.org.br/plan-detail.html?public=true&plan=zNrFQHCCYQO7E)   PASS,,[29 Jun 2022](https://openbanking-brasil.github.io/conformance/submissions/functional/resources/1.0.2/banco-xp-resources.zip) [[View]](https://web.conformance.directory.openbankingbrasil.org.br/plan-detail.html?public=true&plan=lHiFsEh7ogyEb)   PASS,[28 Jun 2022](https://openbanking-brasil.github.io/conformance/submissions/functional/accounts/1.0.3/Account_api_test-mtls-by_value-plain_response-2XhvSWzyh7fTv-05-Jul-2022.zip) [[View]](https://web.conformance.directory.openbankingbrasil.org.br/plan-detail.html?public=true&plan=2XhvSWzyh7fTv) PASS,[27 Jun 2022](https://openbanking-brasil.github.io/conformance/submissions/functional/credit-card/1.0.4/banco-xp-credit-cards.zip) [[View]](https://web.conformance.directory.openbankingbrasil.org.br/plan-detail.html?public=true&plan=f6mPQUG1ayZiR)   PASS,[23 Jun 2022](https://openbanking-brasil.github.io/conformance/submissions/functional/loans/1.0.4/BancoXP-Loans-23-June-2022.zip) [[View]](https://web.conformance.directory.openbankingbrasil.org.br/plan-detail.html?public=true&plan=Qq5sO6NmuMt1g)  PASS,,,
Quanto Network Instituicao de Pagamento Ltda," Quanto Open Banking Opus Services 1.0.0",[19 Jul 2022](https://openbanking-brasil.github.io/conformance/submissions/functional/consents/1.0.3/Consents_api_test-private_key_jwt-pushed-plain_response-g2HyNrzSrIeH5-19-Jul-2022.zip) [[View]](https://web.conformance.directory.openbankingbrasil.org.br/plan-detail.html?public=true&plan=g2HyNrzSrIeH5)  PASS,[26 Jul 2022](https://openbanking-brasil.github.io/conformance/submissions/functional/personal/1.0.3/Personal_Customer_Data_api_test-private_key_jwt-pushed-plain_response-UdEO5SmgzEpcl-19-Jul-2022.zip) [[View]](https://web.conformance.directory.openbankingbrasil.org.br/plan-detail.html?public=true&plan=UdEO5SmgzEpcl)  PASS," [26 Jul 2022](https://openbanking-brasil.github.io/conformance/submissions/functional/business/1.0.3/Business_Customer_Data_api_test-private_key_jwt-pushed-plain_response-R6RIcUMSfNvwb-19-Jul-2022.zip) [[View]](https://web.conformance.directory.openbankingbrasil.org.br/plan-detail.html?public=true&plan=R6RIcUMSfNvwb)  PASS",[26 Jul 2022](https://openbanking-brasil.github.io/conformance/submissions/functional/resources/1.0.2/Resources_api_test-private_key_jwt-pushed-plain_response-j7lt2lFKe7Dyv-19-Jul-2022.zip) [[View]](https://web.conformance.directory.openbankingbrasil.org.br/plan-detail.html?public=true&plan=j7lt2lFKe7Dyv) PASS,,,,,,
Nu Pagamentos S.A. – Instituição de Pagamentos,Nu Open Banking 1.0.0,[26 Jul 2022](https://openbanking-brasil.github.io/conformance/submissions/functional/consents/1.0.3/Consents_api_test-private_key_jwt-by_value-plain_response-HYiJnkzhqPdVx-27-Jul-2022.zip) [[View]](https://web.conformance.directory.openbankingbrasil.org.br/plan-detail.html?public=true&plan=HYiJnkzhqPdVx)  PASS,," [26 Jul 2022](https://openbanking-brasil.github.io/conformance/submissions/functional/business/1.0.3/Business_Customer_Data_api_test-private_key_jwt-by_value-plain_response-N5jChnrIdxOIn-27-Jul-2022.zip) [[View]](https://web.conformance.directory.openbankingbrasil.org.br/plan-detail.html?public=true&plan=N5jChnrIdxOIn)  PASS",,[27 Jul 2022](https://openbanking-brasil.github.io/conformance/submissions/functional/accounts/1.0.3/Account_api_test-private_key_jwt-by_value-plain_response-3479Pzf4Ztwsb-27-Jul-2022.zip) [[View]](https://web.conformance.directory.openbankingbrasil.org.br/plan-detail.html?public=true&plan=3479Pzf4Ztwsb) PASS,[10 Ago 2022](https://openbanking-brasil.github.io/conformance/submissions/functional/credit-card/1.0.4/Banco_NU_Credit_card_api_test-private_key_jwt-by_value-plain_response-O18C2mtt8bkRv-04-Aug-2022.zip) [[View]](https://web.conformance.directory.openbankingbrasil.org.br/plan-detail.html?public=true&plan=O18C2mtt8bkRv)  PASS,[27 Jul 2022](https://openbanking-brasil.github.io/conformance/submissions/functional/loans/1.0.4/Loans_api_test-private_key_jwt-by_value-plain_response-qMp1S44FPs9UR-27-Jul-2022.zip) [[View]](https://web.conformance.directory.openbankingbrasil.org.br/plan-detail.html?public=true&plan=qMp1S44FPs9UR)  PASS,,,
MOVA S.E.P.,Mova Open Finance v.1.0,[04 Jul 2022](https://openbanking-brasil.github.io/conformance/submissions/functional/consents/1.0.3/Consents_api_test-mtls-pushed-jarm-yPkEc4PiIg4yk-13-Jul-2022.zip) [[View]](https://web.conformance.directory.openbankingbrasil.org.br/plan-detail.html?public=true&plan=yPkEc4PiIg4yk)  PASS, [04 Jul 2022](https://openbanking-brasil.github.io/conformance/submissions/functional/personal/1.0.3/Personal_Customer_Data_api_test-mtls-pushed-jarm-YK5qdRRsZ8Fzf-13-Jul-2022.zip) [[View]](https://web.conformance.directory.openbankingbrasil.org.br/plan-detail.html?public=true&plan=YK5qdRRsZ8Fzf)  PASS,[12 Aug 2022](https://openbanking-brasil.github.io/conformance/submissions/functional/business/1.0.3/Business-Customer-Data-api-test-mtls-pushed-jarm-HLV5LXTCtK6Pk-13-Jul-2022.zip) [[View]](https://web.conformance.directory.openbankingbrasil.org.br/plan-detail.html?public=true&plan=HLV5LXTCtK6Pk)  PASS,[04 Jul 2022](https://openbanking-brasil.github.io/conformance/submissions/functional/resources/1.0.2/Resources_api_test-mtls-pushed-jarm-wMgUHY3Fp5P13-13-Jul-2022.zip) [[View]](https://web.conformance.directory.openbankingbrasil.org.br/plan-detail.html?public=true&plan=wMgUHY3Fp5P13)  PASS,,,,,,