Organização,Deployment,webhook v1.0
BANCO DO BRASIL S.A.,Webhook-v1.0.0,[09-08-2023](https://github.com/OpenBanking-Brasil/conformance/blob/main/submissions/functional/payments-webhook/1.0.0/00000000_Webhook-v1.0.0_webhook_v1_09-08-2023.json)
BRB - BANCO DE BRASILIA S.A.,BRB-Auth-Server-1.0,[05-08-2023](https://github.com/OpenBanking-Brasil/conformance/blob/main/submissions/functional/payments-webhook/1.0.0/00000208_BRB-Auth-Server-1.0_webhook_v1_05-08-2023.json)
COOPERATIVA DE CREDITO RURAL SEARA - CREDISEARA,Compilação-5.0.14,[26-09-2023](https://github.com/OpenBanking-Brasil/conformance/blob/main/submissions/functional/payments-webhook/1.0.0/00204963_Compilação-5.0.14_webhook_v1_26-09-2023.json)
CONFEDERAÇÃO NACIONAL DAS COOPERATIVAS CENTRAIS UNICRED LTDA. - UNICRED DO BRASIL.,Open-Finance-v2.1.0,[31-08-2023](https://github.com/OpenBanking-Brasil/conformance/blob/main/submissions/functional/payments-webhook/1.0.0/00315557_Open-Finance-v2.1.0_webhook_v1_31-08-2023.json)
CAIXA ECONOMICA FEDERAL,Caixa-Econômica-Federal-,[04-08-2023](https://github.com/OpenBanking-Brasil/conformance/blob/main/submissions/functional/payments-webhook/1.0.0/00360305_Caixa-Econômica-Federal-_webhook_v1_04-08-2023.json)
BANCO INTER S.A.,Webhook-v1,[10-08-2023](https://github.com/OpenBanking-Brasil/conformance/blob/main/submissions/functional/payments-webhook/1.0.0/00416968_Webhook-v1_webhook_v1_10-08-2023.json)
BANCO RIBEIRAO PRETO S.A.,BRP-Lina-OPFI-webhook-v1,[02-08-2023](https://github.com/OpenBanking-Brasil/conformance/blob/main/submissions/functional/payments-webhook/1.0.0/00517645_BRP-Lina-OPFI-webhook-v1_webhook_v1_02-08-2023.json)
BANCO BARI DE INVESTIMENTOS E FINANCIAMENTOS S.A.,Opus-Open-Finance-v1.0,[10-08-2023](https://github.com/OpenBanking-Brasil/conformance/blob/main/submissions/functional/payments-webhook/1.0.0/00556603_Opus-Open-Finance-v1.0_webhook_v1_10-08-2023.json)
EWALLY INSTITUICAO DE PAGAMENTO S.A.,Open-Banking-Brasil,[07-10-2023](https://github.com/OpenBanking-Brasil/conformance/blob/main/submissions/functional/payments-webhook/1.0.0/00714671_Open-Banking-Brasil_webhook_v1_07-10-2023.json)
BANCO SEMEAR S.A.,Semear-Lina-OPFI-webhook-v1,[10-09-2023](https://github.com/OpenBanking-Brasil/conformance/blob/main/submissions/functional/payments-webhook/1.0.0/00795423_Semear-Lina-OPFI-webhook-v1_webhook_v1_10-09-2023.json)
CIELO S.A.,Payments-Webhook-v1.0.0,[04-08-2023](https://github.com/OpenBanking-Brasil/conformance/blob/main/submissions/functional/payments-webhook/1.0.0/01027058_Payments-Webhook-v1.0.0_webhook_v1_04-08-2023.json)
COOPERATIVA DE CRÉDITO RURAL DE ABELARDO LUZ - SULCREDI/CREDILUZ,SulcrediAb-Auth-Server-v23.0.6.1,[10-08-2023](https://github.com/OpenBanking-Brasil/conformance/blob/main/submissions/functional/payments-webhook/1.0.0/01073966_SulcrediAb-Auth-Server-v23.0.6.1_webhook_v1_10-08-2023.json)
BANCO COOPERATIVO SICREDI S.A.,API-Webhook---Open-Finance-Brasil-1.0.0,[15-08-2023](https://github.com/OpenBanking-Brasil/conformance/blob/main/submissions/functional/payments-webhook/1.0.0/01181521_API-Webhook---Open-Finance-Brasil-1.0.0_webhook_v1_15-08-2023.json)
COOPERATIVA DE CRÉDITO RURAL DE PEQUENOS AGRICULTORES E DA REFORMA AGRÁRIA DO CENTRO OESTE DO PARANÁ - CREHNOR LARANJEIRAS,1.0.0,[25-09-2023](https://github.com/OpenBanking-Brasil/conformance/blob/main/submissions/functional/payments-webhook/1.0.0/01330387_1.0.0_webhook_v1_25-09-2023.json)
QUERO-QUERO VERDECARD INSTITUICAO DE PAGAMENTO S.A.,Versão-1.0.0-do-Webhook,[10-08-2023](https://github.com/OpenBanking-Brasil/conformance/blob/main/submissions/functional/payments-webhook/1.0.0/01722480_Versão-1.0.0-do-Webhook_webhook_v1_10-08-2023.json)
BANCO COOPERATIVO SICOOB S.A. - BANCO SICOOB,Payments-–-Webhook-–-v1.0.0-rc.1,[02-08-2023](https://github.com/OpenBanking-Brasil/conformance/blob/main/submissions/functional/payments-webhook/1.0.0/02038232_Payments-–-Webhook-–-v1.0.0-rc.1_webhook_v1_02-08-2023.json)
BANCO KEB HANA DO BRASIL S.A.,BANCO-KEB-HANA-1.0.1,[02-08-2023](https://github.com/OpenBanking-Brasil/conformance/blob/main/submissions/functional/payments-webhook/1.0.0/02318507_BANCO-KEB-HANA-1.0.1_webhook_v1_02-08-2023.json)
BRASIL CARD MEIOS DE PAGAMENTOS LTDA,Brasilcard-WebHook-v1.0.0,[10-08-2023](https://github.com/OpenBanking-Brasil/conformance/blob/main/submissions/functional/payments-webhook/1.0.0/03130170_Brasilcard-WebHook-v1.0.0_webhook_v1_10-08-2023.json)
"PARATI - CREDITO, FINANCIAMENTO E INVESTIMENTO S.A.",Webhook-V1,[23-08-2023](https://github.com/OpenBanking-Brasil/conformance/blob/main/submissions/functional/payments-webhook/1.0.0/03311443_Webhook-V1_webhook_v1_23-08-2023.json)
BANCO ALFA S.A.,Alfa-Webhook-1.0.0,[12-08-2023](https://github.com/OpenBanking-Brasil/conformance/blob/main/submissions/functional/payments-webhook/1.0.0/03323840_Alfa-Webhook-1.0.0_webhook_v1_12-08-2023.json)
PAGUEVELOZ INSTITUICAO DE PAGAMENTO LTDA,Pagueveloz-Lina-OPFI-webhook-v1,[11-09-2023](https://github.com/OpenBanking-Brasil/conformance/blob/main/submissions/functional/payments-webhook/1.0.0/03816413_Pagueveloz-Lina-OPFI-webhook-v1_webhook_v1_11-09-2023.json)
FIDUCIA SOCIEDADE DE CREDITO AO MICROEMPREENDEDOR E A EMPRESA DE PEQUENO PORTE LIMITADA,Webhook-v1.0.0,[16-08-2023](https://github.com/OpenBanking-Brasil/conformance/blob/main/submissions/functional/payments-webhook/1.0.0/04307598_Webhook-v1.0.0_webhook_v1_16-08-2023.json)
CREDISIS - CENTRAL DE COOPERATIVAS DE CRÉDITO LTDA.,Open-Banking-Brazil-v2.7.0,[06-08-2023](https://github.com/OpenBanking-Brasil/conformance/blob/main/submissions/functional/payments-webhook/1.0.0/04632856_Open-Banking-Brazil-v2.7.0_webhook_v1_06-08-2023.json)
"Portoseg S/A Credito, Financiamento e Investimento",Payments---Webhook---v1.0,[05-08-2023](https://github.com/OpenBanking-Brasil/conformance/blob/main/submissions/functional/payments-webhook/1.0.0/04862600_Payments---Webhook---v1.0_webhook_v1_05-08-2023.json)
BANCO DA AMAZONIA S.A.,BASA-WEBHOOK-1.0,[09-08-2023](https://github.com/OpenBanking-Brasil/conformance/blob/main/submissions/functional/payments-webhook/1.0.0/04902979_BASA-WEBHOOK-1.0_webhook_v1_09-08-2023.json)
BANCO DO ESTADO DO PARÁ S.A.,API-WEBHOOK-v1,[04-08-2023](https://github.com/OpenBanking-Brasil/conformance/blob/main/submissions/functional/payments-webhook/1.0.0/04913711_API-WEBHOOK-v1_webhook_v1_04-08-2023.json)
"VIA CERTA FINANCIADORA S.A. - CRÉDITO, FINANCIAMENTO E INVESTIMENTOS",Open-Finance-v2.0.0,[08-08-2023](https://github.com/OpenBanking-Brasil/conformance/blob/main/submissions/functional/payments-webhook/1.0.0/05192316_Open-Finance-v2.0.0_webhook_v1_08-08-2023.json)
"ZEMA CRÉDITO, FINANCIAMENTO E INVESTIMENTO S/A",Zema-Financeira-Openbanking-Webhook,[07-10-2023](https://github.com/OpenBanking-Brasil/conformance/blob/main/submissions/functional/payments-webhook/1.0.0/05351887_Zema-Financeira-Openbanking-Webhook_webhook_v1_07-10-2023.json)
Casa do Credito S.A Sociedade de Credito ao Microempreendedor,vjOWNsqGq6PdP,[25-09-2023](https://github.com/OpenBanking-Brasil/conformance/blob/main/submissions/functional/payments-webhook/1.0.0/05442029_vjOWNsqGq6PdP_webhook_v1_25-09-2023.json)
COOPERATIVA CENTRAL DE CRÉDITO - AILOS,Webhook-Versão-1.0,[04-08-2023](https://github.com/OpenBanking-Brasil/conformance/blob/main/submissions/functional/payments-webhook/1.0.0/05463212_Webhook-Versão-1.0_webhook_v1_04-08-2023.json)
BANCO DO NORDESTE DO BRASIL S.A.,Open-Finance-1.0.0,[10-08-2023](https://github.com/OpenBanking-Brasil/conformance/blob/main/submissions/functional/payments-webhook/1.0.0/07237373_Open-Finance-1.0.0_webhook_v1_10-08-2023.json)
BANCO TOPAZIO,Webhook-Version:-1.0,[09-08-2023](https://github.com/OpenBanking-Brasil/conformance/blob/main/submissions/functional/payments-webhook/1.0.0/07679404_Webhook-Version:-1.0_webhook_v1_09-08-2023.json)
COOPERATIVA DE CRÉDITO RURAL DE SÃO MIGUEL DO OESTE - SULCREDI/SÃO MIGUEL,1.0.0,[14-09-2023](https://github.com/OpenBanking-Brasil/conformance/blob/main/submissions/functional/payments-webhook/1.0.0/08253539_1.0.0_webhook_v1_14-09-2023.json)
PAGSEGURO INTERNET S.A.,PagBank-1.3.0,[18-08-2023](https://github.com/OpenBanking-Brasil/conformance/blob/main/submissions/functional/payments-webhook/1.0.0/08561701_PagBank-1.3.0_webhook_v1_18-08-2023.json)
GERENCIANET S.A.,webhooks-v1.0,[04-08-2023](https://github.com/OpenBanking-Brasil/conformance/blob/main/submissions/functional/payments-webhook/1.0.0/09089356_webhooks-v1.0_webhook_v1_04-08-2023.json)
"CARUANA S.A. - SOCIEDADE DE CRÉDITO, FINANCIAMENTO E INVESTIMENTO",1.0.0,[30-08-2023](https://github.com/OpenBanking-Brasil/conformance/blob/main/submissions/functional/payments-webhook/1.0.0/09313766_1.0.0_webhook_v1_30-08-2023.json)
"MIDWAY S.A. - CREDITO, FINANCIAMENTO E INVESTIMENTO",Midway-–-Open-Banking-Opus-–-Fase-3-–-v2-(2.1.0)-,[04-08-2023](https://github.com/OpenBanking-Brasil/conformance/blob/main/submissions/functional/payments-webhook/1.0.0/09464032_Midway-–-Open-Banking-Opus-–-Fase-3-–-v2-(2.1.0)-_webhook_v1_04-08-2023.json)
CONFEDERAÇÃO NACIONAL DAS COOPERATIVAS CENTRAIS DE CRÉDITO E ECONOMIA FAMILIAR E SOLIDÁRIA  CRESOL CONFEDERAÇÃO,Cresol-Pagamentos-V1.10.0,[08-08-2023](https://github.com/OpenBanking-Brasil/conformance/blob/main/submissions/functional/payments-webhook/1.0.0/10398952_Cresol-Pagamentos-V1.10.0_webhook_v1_08-08-2023.json)
MERCADO PAGO INSTITUICAO DE PAGAMENTO LTDA,Open-Banking-Brazil-v1.0.0,[04-08-2023](https://github.com/OpenBanking-Brasil/conformance/blob/main/submissions/functional/payments-webhook/1.0.0/10573521_Open-Banking-Brazil-v1.0.0_webhook_v1_04-08-2023.json)
BANCO AGIBANK S.A.,Funcional-Tests-for-DCR-DCM---PAGTO-Role---Webhook,[18-08-2023](https://github.com/OpenBanking-Brasil/conformance/blob/main/submissions/functional/payments-webhook/1.0.0/10664513_Funcional-Tests-for-DCR-DCM---PAGTO-Role---Webhook_webhook_v1_18-08-2023.json)
RECARGAPAY INSTITUICAO DE PAGAMENTO LTDA.,Payments-V2---WebHook-V1,[12-08-2023](https://github.com/OpenBanking-Brasil/conformance/blob/main/submissions/functional/payments-webhook/1.0.0/11275560_Payments-V2---WebHook-V1_webhook_v1_12-08-2023.json)
BANCO RANDON SA,Webhook-1.0,[02-08-2023](https://github.com/OpenBanking-Brasil/conformance/blob/main/submissions/functional/payments-webhook/1.0.0/11476673_Webhook-1.0_webhook_v1_02-08-2023.json)
MONEY PLUS SOCIEDADE DE CRÉDITO AO MICROEMPREENDEDOR E A EMPRESA DE PEQUENO PORTE LTDA.,https:api.openbanking.moneyp.com.brorgsbmp.we,[15-09-2023](https://github.com/OpenBanking-Brasil/conformance/blob/main/submissions/functional/payments-webhook/1.0.0/11581339_https:api.openbanking.moneyp.com.brorgsbmp.we_webhook_v1_15-09-2023.json)
TRAVELEX BANCO DE CÂMBIO S.A.,Travelex-v2.0,[02-08-2023](https://github.com/OpenBanking-Brasil/conformance/blob/main/submissions/functional/payments-webhook/1.0.0/11703662_Travelex-v2.0_webhook_v1_02-08-2023.json)
BANCO SENFF S.A.,Webhook-V1.0,[26-08-2023](https://github.com/OpenBanking-Brasil/conformance/blob/main/submissions/functional/payments-webhook/1.0.0/11970623_Webhook-V1.0_webhook_v1_26-08-2023.json)
,[03-10-2023](https://github.com/OpenBanking-Brasil/conformance/blob/main/submissions/functional/payments-webhook/1.0.0/12345678_Dummy_payments-webhook_v1_03-10-2023.json),
BANCO DO ESTADO DE SERGIPE S.A.,BANESE-OpenFinance-Webhook-v1.0,[09-08-2023](https://github.com/OpenBanking-Brasil/conformance/blob/main/submissions/functional/payments-webhook/1.0.0/13009717_BANESE-OpenFinance-Webhook-v1.0_webhook_v1_09-08-2023.json)
ACESSO SOLUÇÕES DE PAGAMENTO S.A.,Open-Bankly---Webhook-1.0.0,[12-08-2023](https://github.com/OpenBanking-Brasil/conformance/blob/main/submissions/functional/payments-webhook/1.0.0/13140088_Open-Bankly---Webhook-1.0.0_webhook_v1_12-08-2023.json)
Fitbank Pagamentos Eletronicos S.A.,Fitbank-Open-Banking-1.0.0,[12-09-2023](https://github.com/OpenBanking-Brasil/conformance/blob/main/submissions/functional/payments-webhook/1.0.0/13203354_Fitbank-Open-Banking-1.0.0_webhook_v1_12-09-2023.json)
HUB PAGAMENTOS S.A,NA,[25-08-2023](https://github.com/OpenBanking-Brasil/conformance/blob/main/submissions/functional/payments-webhook/1.0.0/13884775_NA_webhook_v1_25-08-2023.json)
CELCOIN INSTITUICAO DE PAGAMENTO S.A.,Celcoin-Open-Banking-v1.0.0,[10-08-2023](https://github.com/OpenBanking-Brasil/conformance/blob/main/submissions/functional/payments-webhook/1.0.0/13935893_Celcoin-Open-Banking-v1.0.0_webhook_v1_10-08-2023.json)
CELCOIN INSTITUICAO DE PAGAMENTO S.A.,v1.0.0-webhook-v1-10-08-2023,[16-08-2023](https://github.com/OpenBanking-Brasil/conformance/blob/main/submissions/functional/payments-webhook/1.0.0/13935893_v1.0.0-webhook-v1-10-08-2023_webhook_v1_16-08-2023.json)
PARANÁ BANCO S.A.,ParanaBanco-Openbanking-v2,[02-08-2023](https://github.com/OpenBanking-Brasil/conformance/blob/main/submissions/functional/payments-webhook/1.0.0/14388334_ParanaBanco-Openbanking-v2_webhook_v1_02-08-2023.json)
IUGU INSTITUICAO DE PAGAMENTO S.A.,Iugu-Lina-OPFI-webhook-v1,[10-08-2023](https://github.com/OpenBanking-Brasil/conformance/blob/main/submissions/functional/payments-webhook/1.0.0/15111975_Iugu-Lina-OPFI-webhook-v1_webhook_v1_10-08-2023.json)
IUGU INSTITUICAO DE PAGAMENTO S.A.,iugu-Lina-OPFI-payments-v2,[08-08-2023](https://github.com/OpenBanking-Brasil/conformance/blob/main/submissions/functional/payments-webhook/1.0.0/15111975_iugu-Lina-OPFI-payments-v2_webhook_v1_08-08-2023.json)
STONE PAGAMENTOS S.A.,open-finance-integration-0.3.0,[04-08-2023](https://github.com/OpenBanking-Brasil/conformance/blob/main/submissions/functional/payments-webhook/1.0.0/16501555_open-finance-integration-0.3.0_webhook_v1_04-08-2023.json)
BANCO MERCANTIL DO BRASIL S.A.,Open-Banking-Brazil-V1.0.0,[18-08-2023](https://github.com/OpenBanking-Brasil/conformance/blob/main/submissions/functional/payments-webhook/1.0.0/17184037_Open-Banking-Brazil-V1.0.0_webhook_v1_18-08-2023.json)
BANCO ITAUCARD S.A.,Itaú-Card---Payments---Webhook----v1.0.0-rc.1,[08-08-2023](https://github.com/OpenBanking-Brasil/conformance/blob/main/submissions/functional/payments-webhook/1.0.0/17192451_Itaú-Card---Payments---Webhook----v1.0.0-rc.1_webhook_v1_08-08-2023.json)
BANCO TRIANGULO S.A.,Webhook-v1.0.0,[18-08-2023](https://github.com/OpenBanking-Brasil/conformance/blob/main/submissions/functional/payments-webhook/1.0.0/17351180_Webhook-v1.0.0_webhook_v1_18-08-2023.json)
NU PAGAMENTOS S.A. - INSTITUIÇÃO DE PAGAMENTO,nubank-webhook-1.0,[16-08-2023](https://github.com/OpenBanking-Brasil/conformance/blob/main/submissions/functional/payments-webhook/1.0.0/18236120_nubank-webhook-1.0_webhook_v1_16-08-2023.json)
ASAAS GESTAO FINANCEIRA INSTITUICAO DE PAGAMENTO S.A.,asaas-payments-webhook-1.0.0,[09-08-2023](https://github.com/OpenBanking-Brasil/conformance/blob/main/submissions/functional/payments-webhook/1.0.0/19540550_asaas-payments-webhook-1.0.0_webhook_v1_09-08-2023.json)
ADIQ SOLUCOES DE PAGAMENTO S.A.,ADIQ-WEBHOOK-V1.0.0,[02-08-2023](https://github.com/OpenBanking-Brasil/conformance/blob/main/submissions/functional/payments-webhook/1.0.0/20520298_ADIQ-WEBHOOK-V1.0.0_webhook_v1_02-08-2023.json)
Neon Pagamentos S.A.,Open-Finance---Payments-v2.0.0---Webhook,[02-08-2023](https://github.com/OpenBanking-Brasil/conformance/blob/main/submissions/functional/payments-webhook/1.0.0/20855875_Open-Finance---Payments-v2.0.0---Webhook_webhook_v1_02-08-2023.json)
Ebanx Instituicao de Pagamento Ltda.,V1.0.0,[02-08-2023](https://github.com/OpenBanking-Brasil/conformance/blob/main/submissions/functional/payments-webhook/1.0.0/21018182_V1.0.0_webhook_v1_02-08-2023.json)
CARTOS SOCIEDADE DE CRÉDITO DIRETO S.A.,imediata,[15-08-2023](https://github.com/OpenBanking-Brasil/conformance/blob/main/submissions/functional/payments-webhook/1.0.0/21332862_imediata_webhook_v1_15-08-2023.json)
PICPAY SERVICOS S.A.,webhook-v1.0.0.rc1,[02-08-2023](https://github.com/OpenBanking-Brasil/conformance/blob/main/submissions/functional/payments-webhook/1.0.0/22896431_webhook-v1.0.0.rc1_webhook_v1_02-08-2023.json)
BANCO DIGIO S.A.,Digio---Open-Banking---webhook,[08-08-2023](https://github.com/OpenBanking-Brasil/conformance/blob/main/submissions/functional/payments-webhook/1.0.0/27098060_Digio---Open-Banking---webhook_webhook_v1_08-08-2023.json)
BANCO DIGIO S.A.,Digio-Uber--Open-Banking---webhook,[08-08-2023](https://github.com/OpenBanking-Brasil/conformance/blob/main/submissions/functional/payments-webhook/1.0.0/27098060_Digio-Uber--Open-Banking---webhook_webhook_v1_08-08-2023.json)
"REALIZE CRÉDITO, FINANCIAMENTO E INVESTIMENTO S.A.",Orbi-Bank-–-Version-1.20.0,[02-08-2023](https://github.com/OpenBanking-Brasil/conformance/blob/main/submissions/functional/payments-webhook/1.0.0/27351731_Orbi-Bank-–-Version-1.20.0_webhook_v1_02-08-2023.json)
BANESTES S.A. BANCO DO ESTADO DO ESPIRITO SANTO,Open-Finance-Banestes-2.0,[24-08-2023](https://github.com/OpenBanking-Brasil/conformance/blob/main/submissions/functional/payments-webhook/1.0.0/28127603_Open-Finance-Banestes-2.0_webhook_v1_24-08-2023.json)
BANCO ABC BRASIL S.A.,v1.0.0,[02-08-2023](https://github.com/OpenBanking-Brasil/conformance/blob/main/submissions/functional/payments-webhook/1.0.0/28195667_v1.0.0_webhook_v1_02-08-2023.json)
BANCO BTG PACTUAL S.A.,BTG-Banking,[04-08-2023](https://github.com/OpenBanking-Brasil/conformance/blob/main/submissions/functional/payments-webhook/1.0.0/30306294_BTG-Banking_webhook_v1_04-08-2023.json)
BANCO BTG PACTUAL S.A.,BTG-Empresas,[08-08-2023](https://github.com/OpenBanking-Brasil/conformance/blob/main/submissions/functional/payments-webhook/1.0.0/30306294_BTG-Empresas_webhook_v1_08-08-2023.json)
BANQI INSTITUICAO DE PAGAMENTO LTDA,Payments-v2-webhook,[16-09-2023](https://github.com/OpenBanking-Brasil/conformance/blob/main/submissions/functional/payments-webhook/1.0.0/30723871_Payments-v2-webhook_webhook_v1_16-09-2023.json)
BANCO MODAL S.A.,Banco-Modal---Open-Finance-V1.0,[28-09-2023](https://github.com/OpenBanking-Brasil/conformance/blob/main/submissions/functional/payments-webhook/1.0.0/30723886_Banco-Modal---Open-Finance-V1.0_webhook_v1_28-09-2023.json)
U4C INSTITUICAO DE PAGAMENTO SA,Iniciador-SaaS-Detentora-v1.0.1,[08-08-2023](https://github.com/OpenBanking-Brasil/conformance/blob/main/submissions/functional/payments-webhook/1.0.0/30980539_Iniciador-SaaS-Detentora-v1.0.1_webhook_v1_08-08-2023.json)
BANCO C6 S.A.,DCR-DCM-PAGTO-Webhook-version-1.0.0-rc.2,[02-08-2023](https://github.com/OpenBanking-Brasil/conformance/blob/main/submissions/functional/payments-webhook/1.0.0/31872495_DCR-DCM-PAGTO-Webhook-version-1.0.0-rc.2_webhook_v1_02-08-2023.json)
BANCO GUANABARA S.A.,1.0.0,[14-09-2023](https://github.com/OpenBanking-Brasil/conformance/blob/main/submissions/functional/payments-webhook/1.0.0/31880826_1.0.0_webhook_v1_14-09-2023.json)
BANCO J.P. MORGAN S.A.,v1.0.0,[30-08-2023](https://github.com/OpenBanking-Brasil/conformance/blob/main/submissions/functional/payments-webhook/1.0.0/33172537_v1.0.0_webhook_v1_30-08-2023.json)
BANCO XP S.A.,BANCO-XP-S.A.-Open-Banking-2.0,[04-08-2023](https://github.com/OpenBanking-Brasil/conformance/blob/main/submissions/functional/payments-webhook/1.0.0/33264668_BANCO-XP-S.A.-Open-Banking-2.0_webhook_v1_04-08-2023.json)
Banco Master S.A.,Master-Webhook-1.0.0,[04-08-2023](https://github.com/OpenBanking-Brasil/conformance/blob/main/submissions/functional/payments-webhook/1.0.0/33923798_Master-Webhook-1.0.0_webhook_v1_04-08-2023.json)
OTIMO SOCIEDADE DE CREDITO DIRETO S.A.,ÓTIMO-SCD-OBB-V2-,[02-08-2023](https://github.com/OpenBanking-Brasil/conformance/blob/main/submissions/functional/payments-webhook/1.0.0/34335592_ÓTIMO-SCD-OBB-V2-_webhook_v1_02-08-2023.json)
BONUSPAGO SOCIEDADE DE CREDITO DIRETO S.A.,Certificação-Payments---Webhook-v1.0.0-|-BONUSPAGO,[12-08-2023](https://github.com/OpenBanking-Brasil/conformance/blob/main/submissions/functional/payments-webhook/1.0.0/36586946_Certificação-Payments---Webhook-v1.0.0-|-BONUSPAGO_webhook_v1_12-08-2023.json)
SUMUP SOCIEDADE DE CRÉDITO DIRETO S.A.,v2.1.1-rc8,[08-08-2023](https://github.com/OpenBanking-Brasil/conformance/blob/main/submissions/functional/payments-webhook/1.0.0/37241230_v2.1.1-rc8_webhook_v1_08-08-2023.json)
ACCREDITO - SOCIEDADE DE CREDITO DIRETO S.A.,Accredito-Lina-OPFI-webhook-v1,[02-08-2023](https://github.com/OpenBanking-Brasil/conformance/blob/main/submissions/functional/payments-webhook/1.0.0/37715993_Accredito-Lina-OPFI-webhook-v1_webhook_v1_02-08-2023.json)
CORA SOCIEDADE DE CRÉDITO DIRETO S.A.,Cora-Auth-2.0.0,[03-09-2023](https://github.com/OpenBanking-Brasil/conformance/blob/main/submissions/functional/payments-webhook/1.0.0/37880206_Cora-Auth-2.0.0_webhook_v1_03-09-2023.json)
NUMBRS SOCIEDADE DE CRÉDITO DIRETO S.A.,https:web.conformance.directory.openbankingbrasi,[14-09-2023](https://github.com/OpenBanking-Brasil/conformance/blob/main/submissions/functional/payments-webhook/1.0.0/38129006_https:web.conformance.directory.openbankingbrasi_webhook_v1_14-09-2023.json)
Trinus Sociedade de Credito Direto S.A.,1.0.0,[20-09-2023](https://github.com/OpenBanking-Brasil/conformance/blob/main/submissions/functional/payments-webhook/1.0.0/40654622_1.0.0_webhook_v1_20-09-2023.json)
"PEFISA S.A. - CRÉDITO, FINANCIAMENTO E INVESTIMENTO",Open-Banking---Fase-3-–-V1---Webhook,[04-08-2023](https://github.com/OpenBanking-Brasil/conformance/blob/main/submissions/functional/payments-webhook/1.0.0/43180355_Open-Banking---Fase-3-–-V1---Webhook_webhook_v1_04-08-2023.json)
BANCO GENIAL S.A.,Banco-Genial-–-GO!BaaS-1.2,[02-08-2023](https://github.com/OpenBanking-Brasil/conformance/blob/main/submissions/functional/payments-webhook/1.0.0/45246410_Banco-Genial-–-GO!BaaS-1.2_webhook_v1_02-08-2023.json)
BANCO ARBI S.A.,Banco-Arbi-Webhook-1.0.0,[16-08-2023](https://github.com/OpenBanking-Brasil/conformance/blob/main/submissions/functional/payments-webhook/1.0.0/54403563_Banco-Arbi-Webhook-1.0.0_webhook_v1_16-08-2023.json)
BANCO SAFRA S.A.,Safra-Open-Finance-2.0,[09-08-2023](https://github.com/OpenBanking-Brasil/conformance/blob/main/submissions/functional/payments-webhook/1.0.0/58160789_Safra-Open-Finance-2.0_webhook_v1_09-08-2023.json)
BANCO FIBRA S.A.,Banco-Fibra-Authorization-Server-v2.0,[02-08-2023](https://github.com/OpenBanking-Brasil/conformance/blob/main/submissions/functional/payments-webhook/1.0.0/58616418_Banco-Fibra-Authorization-Server-v2.0_webhook_v1_02-08-2023.json)
BANCO PAN S.A.,v1.0.0-rc.2--webhook,[04-08-2023](https://github.com/OpenBanking-Brasil/conformance/blob/main/submissions/functional/payments-webhook/1.0.0/59285411_v1.0.0-rc.2--webhook_webhook_v1_04-08-2023.json)
BANCO VOTORANTIM S.A.,Webhook---v1.0.0,[02-08-2023](https://github.com/OpenBanking-Brasil/conformance/blob/main/submissions/functional/payments-webhook/1.0.0/59588111_Webhook---v1.0.0_webhook_v1_02-08-2023.json)
ITAÚ UNIBANCO S.A.,Itaú-Unibanco---Payments---Webhook----v1.0.0-rc.1,[08-08-2023](https://github.com/OpenBanking-Brasil/conformance/blob/main/submissions/functional/payments-webhook/1.0.0/60701190_Itaú-Unibanco---Payments---Webhook----v1.0.0-rc.1_webhook_v1_08-08-2023.json)
BANCO BRADESCO SA,5.0.14-build:-1d1d30567d25e8bd2e126d617d9b52394bd7,[04-08-2023](https://github.com/OpenBanking-Brasil/conformance/blob/main/submissions/functional/payments-webhook/1.0.0/60746948_5.0.14-build:-1d1d30567d25e8bd2e126d617d9b52394bd7_webhook_v1_04-08-2023.json)
"CREFISA S.A.-CREDITO, FINANCIAMENTO E INVESTIMENTOS",CREFISA-PIX-PAYMENTS-v2.0.0,[10-08-2023](https://github.com/OpenBanking-Brasil/conformance/blob/main/submissions/functional/payments-webhook/1.0.0/60779196_CREFISA-PIX-PAYMENTS-v2.0.0_webhook_v1_10-08-2023.json)
OMNI BANCO SA,Payments---Webhook---v1.0.0-rc.-1,[09-08-2023](https://github.com/OpenBanking-Brasil/conformance/blob/main/submissions/functional/payments-webhook/1.0.0/60850229_Payments---Webhook---v1.0.0-rc.-1_webhook_v1_09-08-2023.json)
BANCO SOFISA S.A.,Webhook-v1.0.0,[08-08-2023](https://github.com/OpenBanking-Brasil/conformance/blob/main/submissions/functional/payments-webhook/1.0.0/60889128_Webhook-v1.0.0_webhook_v1_08-08-2023.json)
BANCO VOITER SA,dcr-dcm-pagto-test-plan-5.0.14,[10-08-2023](https://github.com/OpenBanking-Brasil/conformance/blob/main/submissions/functional/payments-webhook/1.0.0/61024352_dcr-dcm-pagto-test-plan-5.0.14_webhook_v1_10-08-2023.json)
BANCO BMG S.A.,Webhook---version:-1.0.0,[19-08-2023](https://github.com/OpenBanking-Brasil/conformance/blob/main/submissions/functional/payments-webhook/1.0.0/61186680_Webhook---version:-1.0.0_webhook_v1_19-08-2023.json)
CREDISAN COOPERATIVA DE CRÉDITO,Credisan-Webhook-Payment-v1.0,[09-08-2023](https://github.com/OpenBanking-Brasil/conformance/blob/main/submissions/functional/payments-webhook/1.0.0/62109566_Credisan-Webhook-Payment-v1.0_webhook_v1_09-08-2023.json)
BANCO DAYCOVAL S.A.,v1.0.0,[16-08-2023](https://github.com/OpenBanking-Brasil/conformance/blob/main/submissions/functional/payments-webhook/1.0.0/62232889_v1.0.0_webhook_v1_16-08-2023.json)
BANCO RENDIMENTO S.A.,Banco-Rendimento-–-Open-Banking-Brazil-V2.0,[05-08-2023](https://github.com/OpenBanking-Brasil/conformance/blob/main/submissions/functional/payments-webhook/1.0.0/68900810_Banco-Rendimento-–-Open-Banking-Brazil-V2.0_webhook_v1_05-08-2023.json)
BANCO BS2 S.A.,dcr-dcm-pagto-test-plan---5.0.14-build:-4d602f08cf,[06-08-2023](https://github.com/OpenBanking-Brasil/conformance/blob/main/submissions/functional/payments-webhook/1.0.0/71027866_dcr-dcm-pagto-test-plan---5.0.14-build:-4d602f08cf_webhook_v1_06-08-2023.json)
COOPERATIVA DE CRÉDITO RURAL COOPAVEL,CredicoopavelAuthorization-Server-Homo-v23.0.6.1,[15-08-2023](https://github.com/OpenBanking-Brasil/conformance/blob/main/submissions/functional/payments-webhook/1.0.0/76461557_CredicoopavelAuthorization-Server-Homo-v23.0.6.1_webhook_v1_15-08-2023.json)
CREDIALIANÇA COOPERATIVA DE CRÉDITO RURAL,CM-Credialianca-Payments-2.0.0-webhook,[11-08-2023](https://github.com/OpenBanking-Brasil/conformance/blob/main/submissions/functional/payments-webhook/1.0.0/78157146_CM-Credialianca-Payments-2.0.0-webhook_webhook_v1_11-08-2023.json)
BANCO OURINVEST S.A.,Open-Banking-Brazil-v2.0.0,[02-08-2023](https://github.com/OpenBanking-Brasil/conformance/blob/main/submissions/functional/payments-webhook/1.0.0/78632767_Open-Banking-Brazil-v2.0.0_webhook_v1_02-08-2023.json)
CREDICOAMO CREDITO RURAL COOPERATIVA,Credicoamo-WebHook-OpenFinance-v1.0,[04-08-2023](https://github.com/OpenBanking-Brasil/conformance/blob/main/submissions/functional/payments-webhook/1.0.0/81723108_Credicoamo-WebHook-OpenFinance-v1.0_webhook_v1_04-08-2023.json)
BANCO SANTANDER (BRASIL) S.A.,Santander-webhook-v1.0.0,[11-08-2023](https://github.com/OpenBanking-Brasil/conformance/blob/main/submissions/functional/payments-webhook/1.0.0/90400888_Santander-webhook-v1.0.0_webhook_v1_11-08-2023.json)
BANCO DO ESTADO DO RIO GRANDE DO SUL S.A.,Banrisul-Webhooks-1.0.0,[05-08-2023](https://github.com/OpenBanking-Brasil/conformance/blob/main/submissions/functional/payments-webhook/1.0.0/92702067_Banrisul-Webhooks-1.0.0_webhook_v1_05-08-2023.json)
BANCO DIGIMAIS S.A.,5.0.14-build:-2c56ff679ea5e8d9bdcaa417ffcee7de6a95,[30-08-2023](https://github.com/OpenBanking-Brasil/conformance/blob/main/submissions/functional/payments-webhook/1.0.0/92874270_5.0.14-build:-2c56ff679ea5e8d9bdcaa417ffcee7de6a95_webhook_v1_30-08-2023.json)
